"tissue","direction","database","term_id","term_name","pvalue","p_adjust","qvalue","gene_ratio","bg_ratio","count","gene_ids"
"leaf","up","GO_MF","GO:0016788","hydrolase activity, acting on ester bonds",2.94340715795122e-06,0.000251017487085054,0.000211383147018993,"15/447","82/9971",15,"101251962/101253754/101257273/101257443/101246731/101245490/101244365/101244636/101249884/112941537/101254153/101250517/101262291/101252884/101250696"
"leaf","up","GO_MF","GO:0020037","heme binding",3.13771858856318e-06,0.000251017487085054,0.000211383147018993,"34/447","324/9971",34,"101253701/101265084/101262063/100736435/543675/101246092/544293/101261765/101254668/101247511/101253684/109119848/101251277/101254669/101252644/101248404/101262919/101265070/778326/101257532/101267893/101248306/543990/101261488/101245278/112940333/101266963/101268153/101255011/101258529/100037489/101245153/101261260/101248700"
"leaf","up","GO_MF","GO:0004497","monooxygenase activity",7.62110699878139e-06,0.000406459039935007,0.000342281296787375,"24/447","197/9971",24,"101253701/101265084/101262063/543675/101246092/101261765/101254668/101247511/109119848/101251277/101254669/101252644/101262919/101265070/101257532/101267893/101248306/101261488/101245278/101266963/101255011/100037489/101245153/101248700"
"leaf","up","GO_MF","GO:0016705","oxidoreductase activity, acting on paired donors, with incorporation or reduction of molecular oxygen",3.08597330047983e-05,0.00123438932019193,0.00103948574331952,"24/447","214/9971",24,"101253701/101265084/101262063/543675/101246092/101261765/101254668/101247511/109119848/101251277/101254669/101252644/101262919/101265070/101257532/101267893/101248306/101261488/101245278/101266963/101255011/100037489/101245153/101248700"
"leaf","up","GO_MF","GO:0005506","iron ion binding",5.02423727104008e-05,0.00160775592673283,0.00135389972777501,"26/447","249/9971",26,"101253701/101265084/101262063/543675/101246092/101261765/101254668/101247511/109119848/101251277/101254669/101252644/101262919/101265070/101257532/101267893/101248306/101267934/101261488/101245278/101266963/101255011/100037489/101245153/101264777/101248700"
"leaf","up","GO_MF","GO:0010427","abscisic acid binding",0.000419449016646282,0.009154050006656,0.00770867368981558,"4/447","9/9971",4,"101244652/101246666/778321/101259244"
"leaf","up","GO_MF","GO:0038023","signaling receptor activity",0.000419449016646282,0.009154050006656,0.00770867368981558,"4/447","9/9971",4,"101244652/101246666/778321/101259244"
"leaf","up","GO_MF","GO:0004866","endopeptidase inhibitor activity",0.000512693332768976,0.009154050006656,0.00770867368981558,"5/447","16/9971",5,"544286/544087/544001/101244265/101261997"
"leaf","up","GO_MF","GO:0030527","structural constituent of chromatin",0.0005149153128744,0.009154050006656,0.00770867368981558,"9/447","53/9971",9,"101265669/101250929/101245495/101250163/101245793/544080/101260571/101268556/101264975"
"leaf","up","GO_MF","GO:0016747","acyltransferase activity, transferring groups other than amino-acyl groups",0.00146786676253917,0.021522787787664,0.0181244528738223,"9/447","61/9971",9,"101261878/101262830/101266542/101251311/101267160/544307/543835/101246151/101268510"
"leaf","up","GO_MF","GO:0004864","protein phosphatase inhibitor activity",0.0014796916604019,0.021522787787664,0.0181244528738223,"4/447","12/9971",4,"101244652/101246666/778321/101259244"
"leaf","up","GO_MF","GO:0008236","serine-type peptidase activity",0.00179743299827969,0.0239657733103958,0.0201817038403333,"10/447","75/9971",10,"543726/101255226/544118/101257599/108348021/101257301/104647188/101252447/778308/101253643"
"leaf","up","GO_MF","GO:0004857","enzyme inhibitor activity",0.00407771844175776,0.050187303898557,0.0422629927566796,"7/447","46/9971",7,"101250588/101248367/101248953/101266668/101260197/101246884/101248554"
"leaf","up","GO_MF","GO:0016630","protochlorophyllide reductase activity",0.00583726514999459,0.0654927732571638,0.0551518090586643,"2/447","3/9971",2,"101248079/101244717"
"leaf","up","GO_MF","GO:0016717","oxidoreductase activity, acting on paired donors, with oxidation of a pair of donors resulting in the reduction of molecular oxygen to two molecules of water",0.00613994749285911,0.0654927732571638,0.0551518090586643,"3/447","9/9971",3,"112941338/101256767/101255474"
"leaf","up","GO_CC","GO:0000786","nucleosome",8.08014850183182e-05,0.00153522821534804,0.00153097550561024,"9/81","63/2695",9,"101265669/101250929/101245495/101250163/101245793/544080/101260571/101268556/101264975"
"leaf","down","GO_BP","GO:0055085","transmembrane transport",0.000560593071953109,0.0477224445157461,0.0430578446758612,"29/230","460/6939",29,"101255600/101249834/101253972/101252338/101268119/101253320/101256256/101267799/778261/101266436/104644300/101250924/101249848/101264883/101244014/101263942/101257817/101254554/101254912/101267631/101245180/101245070/101246498/543951/101262753/100529106/101246241/101246667/101261239"
"leaf","down","GO_BP","GO:0016036","cellular response to phosphate starvation",0.00113970831812115,0.0477224445157461,0.0430578446758612,"3/230","7/6939",3,"101256919/101244953/101244416"
"leaf","down","GO_BP","GO:0046274","lignin catabolic process",0.00120308683653142,0.0477224445157461,0.0430578446758612,"4/230","15/6939",4,"100147721/101262425/101263212/101261512"
"leaf","down","GO_BP","GO:0009415","response to water",0.00321019598752578,0.095503330628892,0.0861684186125341,"2/230","3/6939",2,"544056/101248072"
"leaf","down","GO_MF","GO:0043565","sequence-specific DNA binding",0.000342876937610143,0.0507814477513323,0.044996219526497,"16/347","173/9971",16,"101264826/101262661/101249882/101266046/101260537/101256052/101252588/101266622/101265313/101248097/101246806/101247484/101251289/101245481/101266295/101248880"
"leaf","down","GO_MF","GO:0016887","ATP hydrolysis activity",0.000642803136092814,0.0507814477513323,0.044996219526497,"20/347","257/9971",20,"101256375/100134914/101250725/101256256/101264183/101252315/101267029/101055596/101255164/101254583/100736433/101260388/101254989/101249777/101264167/101248317/101252822/101247697/101267994/101264742"
"leaf","down","GO_MF","GO:0005507","copper ion binding",0.0011019699994,0.0573073660167556,0.050778678749024,"7/347","47/9971",7,"101251411/101263934/100147721/101262425/101263212/101261512/101253199"
"leaf","down","GO_MF","GO:0052716","hydroquinone:oxygen oxidoreductase activity",0.00145081939282926,0.0573073660167556,0.050778678749024,"4/347","15/9971",4,"100147721/101262425/101263212/101261512"
"leaf","down","GO_MF","GO:0004311","geranylgeranyl diphosphate synthase activity",0.00353961252807388,0.0932097965726122,0.0825909589883906,"2/347","3/9971",2,"543964/543988"
"leaf","down","GO_MF","GO:0016655","oxidoreductase activity, acting on NAD(P)H, quinone or similar compound as acceptor",0.00353961252807388,0.0932097965726122,0.0825909589883906,"2/347","3/9971",2,"101247812/101250560"
"leaf","down","GO_CC","GO:0048046","apoplast",0.00163428911615563,0.0212457585100231,0.0206436519935448,"6/82","43/2695",6,"543511/100147721/101262425/101263212/101261512/101254707"
"root","up","GO_BP","GO:0006979","response to oxidative stress",5.03194186832513e-15,6.46724962889267e-13,5.52834479050522e-13,"32/411","107/6939",32,"101260463/101249969/544293/101246312/101267376/101264583/101264282/543895/543896/101249975/101257228/101267754/101265511/101266098/101249612/101253684/101244951/101248973/101244376/101244668/101264425/101244289/101261825/101264739/543959/101246070/101246453/101266746/101248236/101268440/101268153/101248159"
"root","up","GO_BP","GO:0042744","hydrogen peroxide catabolic process",8.68087198509083e-15,6.46724962889267e-13,5.52834479050522e-13,"28/411","83/6939",28,"101260463/101249969/544293/101246312/101267376/101249975/101257228/101267754/101265511/101266098/101249612/101253684/101244951/101248973/101244376/101244668/101264425/101244289/101261825/101264739/543959/101246070/101246453/101266746/101248236/101268440/101268153/101248159"
"root","up","GO_BP","GO:0009873","ethylene-activated signaling pathway",2.02552604382276e-08,1.00601126843197e-06,8.59960180008961e-07,"14/411","39/6939",14,"101249592/544042/101261887/101262522/606712/101264530/101256610/101267832/101247159/101247461/101260767/543712/101245906/101266612"
"root","up","GO_BP","GO:0008299","isoprenoid biosynthetic process",0.000582862916877921,0.0152902717077825,0.0130704547978925,"6/411","19/6939",6,"101261961/778360/100134905/100134904/100134900/543552"
"root","up","GO_BP","GO:0006032","chitin catabolic process",0.000615715639239562,0.0152902717077825,0.0130704547978925,"5/411","13/6939",5,"544146/544149/101256086/101267358/101251136"
"root","up","GO_BP","GO:0016998","cell wall macromolecule catabolic process",0.000615715639239562,0.0152902717077825,0.0130704547978925,"5/411","13/6939",5,"544146/544149/101256086/101267358/101251136"
"root","up","GO_BP","GO:0008283","cell population proliferation",0.000789060937912475,0.0167957256784227,0.0143573493966029,"3/411","4/6939",3,"101268443/101267951/101262762"
"root","up","GO_BP","GO:0006850","pyruvate import into mitochondria",0.00188588146080849,0.0351245422075582,0.030025217994451,"3/411","5/6939",3,"101268113/101244623/101252040"
"root","up","GO_BP","GO:0009738","abscisic acid-activated signaling pathway",0.00410121360381463,0.0616790342389563,0.0527245718326648,"4/411","12/6939",4,"101266638/778321/101246666/101244652"
"root","up","GO_BP","GO:0016102","diterpenoid biosynthetic process",0.00413953249925881,0.0616790342389563,0.0527245718326648,"5/411","19/6939",5,"100820700/101264071/101264676/101261912/101249861"
"root","up","GO_BP","GO:0046148","pigment biosynthetic process",0.00603518885327367,0.0817493762852524,0.0698811340905372,"3/411","7/6939",3,"101263372/606710/101261257"
"root","up","GO_MF","GO:0020037","heme binding",4.77889538237033e-20,9.41442390326955e-18,7.69653677371222e-18,"67/593","324/9971",67,"101247849/101260463/101246092/101249969/544293/543675/100736436/101246312/101267376/101264583/101264282/543895/543896/101253849/101249975/101264773/101257228/101250559/101267754/101265511/101266098/101244259/101249612/109119848/101247511/101253684/101244951/101251277/101248973/101251676/101244376/101244668/101262919/101260536/101264425/101244289/101261825/101248402/101248306/101248404/101251394/101264739/543959/101246070/101253701/101246453/101248700/101266746/101247752/101248046/101248236/101248428/778326/101268440/101268153/101261765/101262063/101262367/101248159/101261478/100736473/101264887/101266902/100736487/101259027/101254668/101254669"
"root","up","GO_MF","GO:0004601","peroxidase activity",4.03838003413766e-15,3.9778043336256e-13,3.25195865906875e-13,"32/593","105/9971",32,"101260463/101249969/544293/101246312/101267376/101264583/101264282/543895/543896/101249975/101257228/101267754/101265511/101266098/101249612/101253684/101244951/101248973/101244376/101244668/101264425/101244289/101261825/101264739/543959/101246070/101246453/101266746/101248236/101268440/101268153/101248159"
"root","up","GO_MF","GO:0004497","monooxygenase activity",1.69231404696666e-06,0.000111128622417477,9.08505435739996e-05,"30/593","197/9971",30,"101247849/101246092/543675/100736436/101253849/101264773/101250559/101244259/109119848/101247511/101251277/101251676/101262919/101260536/101248402/101248306/101251394/101253701/101248700/101247752/101248046/101248428/101261765/101262063/101262367/101261478/101266902/100736487/101254668/101254669"
"root","up","GO_MF","GO:0016705","oxidoreductase activity, acting on paired donors, with incorporation or reduction of molecular oxygen",9.42833890177842e-06,0.000372383446729801,0.000304433167778037,"30/593","214/9971",30,"101247849/101246092/543675/100736436/101253849/101264773/101250559/101244259/109119848/101247511/101251277/101251676/101262919/101260536/101248402/101248306/101251394/101253701/101248700/101247752/101248046/101248428/101261765/101262063/101262367/101261478/101266902/100736487/101254668/101254669"
"root","up","GO_MF","GO:0030527","structural constituent of chromatin",9.4513565159848e-06,0.000372383446729801,0.000304433167778037,"13/593","53/9971",13,"101250929/101260571/101245793/101250163/544080/104648016/101253792/101248710/101264975/101265996/101268740/101244346/101268556"
"root","up","GO_MF","GO:0009055","electron transfer activity",0.00010994691716561,0.00360992378027086,0.002951206723919,"11/593","49/9971",11,"101254836/101245101/101245111/101266215/101245166/101260771/101249124/101244913/101253552/101264887/101261196"
"root","up","GO_MF","GO:0005506","iron ion binding",0.000168469232814803,0.00474120555207374,0.00387605904070148,"30/593","249/9971",30,"101247849/101246092/543675/100736436/101253849/101264773/101250559/101244259/109119848/101247511/101251277/101251676/101262919/101260536/101248402/101248306/101251394/101253701/101248700/101247752/101248046/101248428/101261765/101262063/101262367/101261478/101266902/100736487/101254668/101254669"
"root","up","GO_MF","GO:0008061","chitin binding",0.000375163471579487,0.00893347193469426,0.00730334601126488,"4/593","7/9971",4,"101256086/101244390/101267358/101251136"
"root","up","GO_MF","GO:0004864","protein phosphatase inhibitor activity",0.000408128159453037,0.00893347193469426,0.00730334601126488,"5/593","12/9971",5,"101248483/101266638/778321/101246666/101244652"
"root","up","GO_MF","GO:0003993","acid phosphatase activity",0.000618229274927179,0.0112993631956751,0.00923752374532883,"7/593","26/9971",7,"101253467/544065/101264133/101266530/101255806/101252310/101262562"
"root","up","GO_MF","GO:0004568","chitinase activity",0.000630928909403178,0.0112993631956751,0.00923752374532883,"5/593","13/9971",5,"544146/544149/101256086/101267358/101251136"
"root","up","GO_MF","GO:0030170","pyridoxal phosphate binding",0.000719376427828218,0.0118097630235133,0.00965478889979978,"14/593","89/9971",14,"606304/101244469/101259235/100736464/101256090/101261729/101249664/101264847/101265757/778254/543983/101264863/101252842/101252470"
"root","up","GO_MF","GO:0008194","UDP-glycosyltransferase activity",0.00100764097917415,0.0151045312863415,0.0123483477788418,"14/593","92/9971",14,"101256719/101257511/101258120/101263384/101262709/101260725/101258876/101258571/101254417/138339525/101268547/101253864/101257246/101248655"
"root","up","GO_MF","GO:0010427","abscisic acid binding",0.00122676396234245,0.0151045312863415,0.0123483477788418,"4/593","9/9971",4,"101266638/778321/101246666/101244652"
"root","up","GO_MF","GO:0016717","oxidoreductase activity, acting on paired donors, with oxidation of a pair of donors resulting in the reduction of molecular oxygen to two molecules of water",0.00122676396234245,0.0151045312863415,0.0123483477788418,"4/593","9/9971",4,"112941338/544203/101255474/138340542"
"root","up","GO_MF","GO:0038023","signaling receptor activity",0.00122676396234245,0.0151045312863415,0.0123483477788418,"4/593","9/9971",4,"101266638/778321/101246666/101244652"
"root","up","GO_MF","GO:0008171","O-methyltransferase activity",0.00182178018251569,0.0198249190020781,0.0162073876960617,"6/593","23/9971",6,"101260278/101265297/101265690/101265187/101261963/101253032"
"root","up","GO_MF","GO:0008483","transaminase activity",0.00184450656776131,0.0198249190020781,0.0162073876960617,"5/593","16/9971",5,"101244469/100736464/101264863/101252842/101252470"
"root","up","GO_MF","GO:0008083","growth factor activity",0.00191204802558113,0.0198249190020781,0.0162073876960617,"3/593","5/9971",3,"101268443/101267951/101262762"
"root","up","GO_MF","GO:0016491","oxidoreductase activity",0.00249760046440964,0.0246013645744349,0.0201122563712987,"31/593","306/9971",31,"101265773/101266071/543762/101268044/101265606/101263372/101252838/101268054/101262977/101268630/112941338/101263402/544203/101247232/101263535/101257095/606710/101261257/101260960/101264360/101251506/778326/101262269/104644298/101259903/543602/100736473/101252146/101255474/101252861/138340542"
"root","up","GO_MF","GO:0043565","sequence-specific DNA binding",0.00323000889318696,0.0303005596170396,0.0247714967748173,"20/593","173/9971",20,"101258801/101253158/101246982/544202/101261987/100529138/101266622/101266325/101257373/101252281/101251778/101248880/101265734/101249931/101267623/101262232/101243805/101254651/101265102/100271699"
"root","up","GO_MF","GO:0046982","protein heterodimerization activity",0.00470527593578459,0.042133607243162,0.034445321443782,"12/593","86/9971",12,"101250929/101260571/101245793/101250163/544080/104648016/101253792/101264975/101265996/101268740/101244346/101268556"
"root","up","GO_MF","GO:0004097","catechol oxidase activity",0.00611551912646611,0.0523807507788619,0.0428226282082066,"3/593","7/9971",3,"101263372/606710/101261257"
"root","up","GO_MF","GO:0010333","terpene synthase activity",0.00671176480727552,0.0550700932636608,0.0450212357432012,"5/593","21/9971",5,"100820700/101264071/101264676/101261912/101249861"
"root","up","GO_MF","GO:0003824","catalytic activity",0.00698859051569299,0.0550700932636608,0.0450212357432012,"27/593","275/9971",27,"606304/101244906/101256628/101257319/101265883/544267/101262767/101263563/101255673/101244469/543756/100736464/544209/101247725/101255711/101261729/101254613/104648641/543536/101263146/101252813/101264863/101261166/101243656/101257326/101252470/101267503"
"root","up","GO_MF","GO:0016830","carbon-carbon lyase activity",0.010060031988683,0.0715911208166688,0.0585276061178216,"5/593","23/9971",5,"101259235/101249664/101264847/101265757/778254"
"root","up","GO_MF","GO:0004604","phosphoadenylyl-sulfate reductase (thioredoxin) activity",0.0101753877302879,0.0715911208166688,0.0585276061178216,"2/593","3/9971",2,"101257319/544267"
"root","up","GO_MF","GO:0004764","shikimate 3-dehydrogenase (NADP+) activity",0.0101753877302879,0.0715911208166688,0.0585276061178216,"2/593","3/9971",2,"543548/101258500"
"root","up","GO_MF","GO:0016831","carboxy-lyase activity",0.012099850542683,0.0806925841811198,0.0659682894988583,"5/593","24/9971",5,"101249664/101264847/101265757/778254/100134900"
"root","up","GO_MF","GO:0004867","serine-type endopeptidase inhibitor activity",0.0126978178153031,0.0806925841811198,0.0659682894988583,"4/593","16/9971",4,"109119847/101255768/543953/101256437"
"root","up","GO_MF","GO:0035251","UDP-glucosyltransferase activity",0.0126978178153031,0.0806925841811198,0.0659682894988583,"4/593","16/9971",4,"101258120/101258876/101258571/101253864"
"root","up","GO_MF","GO:0030145","manganese ion binding",0.0144029363189233,0.0886680767133713,0.0724884623945809,"5/593","25/9971",5,"101253136/101253729/101264308/109121167/544017"
"root","up","GO_CC","GO:0005576","extracellular region",2.20933708900051e-07,6.84894497590158e-06,6.51173036758045e-06,"12/120","44/2695",12,"100134906/101268443/101267951/543794/543582/544035/101266043/101247647/101247353/101266151/101262762/543624"
"root","up","GO_CC","GO:0000786","nucleosome",2.23620215449523e-06,3.46611333946761e-05,3.29545580662455e-05,"13/120","63/2695",13,"101250929/101260571/101245793/101250163/544080/104648016/101253792/101248710/101264975/101265996/101268740/101244346/101268556"
"root","up","GO_CC","GO:0005743","mitochondrial inner membrane",0.00566839573827383,0.0585734226288295,0.0556895019900586,"4/120","17/2695",4,"101247875/101268113/101244623/101252040"
"root","down","GO_BP","GO:0009451","RNA modification",0.000446604335292361,0.0184439883843277,0.0171811722257361,"13/207","148/6939",13,"101258616/101246497/101245419/101263591/101256579/101265633/101265126/101245160/138349167/101254106/101266956/101247863/101244753"
"root","down","GO_BP","GO:0006996","organelle organization",0.000489663408433478,0.0184439883843277,0.0171811722257361,"3/207","6/6939",3,"101251035/101267609/101261719"
"root","down","GO_BP","GO:0009773","photosynthetic electron transport in photosystem I",0.000489663408433478,0.0184439883843277,0.0171811722257361,"3/207","6/6939",3,"101247416/101243784/101251312"
"root","down","GO_BP","GO:0005978","glycogen biosynthetic process",0.000838087768792474,0.0236759794683874,0.0220549412840125,"3/207","7/6939",3,"544039/544283/101268420"
"root","down","GO_CC","GO:0010598","NAD(P)H dehydrogenase complex (plastoquinone)",0.00364319820068233,0.0293336352293125,0.0192984442298108,"2/68","4/2695",2,"101247416/101243784"
"root","down","GO_CC","GO:0009507","chloroplast",0.00366670440366406,0.0293336352293125,0.0192984442298108,"3/68","13/2695",3,"101247416/101245683/101266364"
"root","down","GO_CC","GO:0000148","1,3-beta-D-glucan synthase complex",0.00881412503156684,0.0470086668350231,0.0309267544967257,"2/68","6/2695",2,"101254331/101258056"
"root","down","GO_CC","GO:0005694","chromosome",0.0121396226374022,0.048558490549609,0.0319463753615849,"2/68","7/2695",2,"101251225/101253591"
"root","down","GO_CC","GO:0009535","chloroplast thylakoid membrane",0.0247726242632264,0.0777534405683397,0.0511535793212761,"2/68","10/2695",2,"101243784/101251312"
"root","down","GO_CC","GO:0005618","cell wall",0.0291575402131274,0.0777534405683397,0.0511535793212761,"3/68","27/2695",3,"778213/101261784/544101"
"leaf","up","KEGG","sly00940","Phenylpropanoid biosynthesis",2.95400095486238e-10,3.36756108854312e-08,2.17663228253018e-08,"18/184","179/11892",18,"101262063/544249/101246092/544293/101261765/101248210/101266812/101262919/101254287/101244220/101265690/101243656/101265187/112940333/101268153/101258529/101265977/101261260"
"leaf","up","KEGG","sly00945","Stilbenoid, diarylheptanoid and gingerol biosynthesis",1.13429210916084e-09,6.46546502221677e-08,4.17897092848729e-08,"8/184","23/11892",8,"101262063/544249/101246092/101261765/101262919/101265690/101265187/101265977"
"leaf","up","KEGG","sly00941","Flavonoid biosynthesis",7.42203194138674e-08,2.82037213772696e-06,1.82295521367394e-06,"8/184","37/11892",8,"101262063/544249/101246092/101261765/101262919/101265690/101265187/101265977"
"leaf","up","KEGG","sly01230","Biosynthesis of amino acids",2.23052077332824e-06,6.35698420398548e-05,4.10885405613097e-05,"15/184","226/11892",15,"544154/544153/101254553/101253940/101267392/544302/101259725/101251907/101248455/101258500/101259361/101256147/101254848/101247331/101253875"
"leaf","up","KEGG","sly04016","MAPK signaling pathway - plant",9.2309221113929e-06,0.000210465024139758,0.00013603464164158,"13/184","193/11892",13,"101256856/778264/101256653/101259509/101263741/101267332/101251432/101250944/543990/101248690/101244640/606712/101266437"
"leaf","up","KEGG","sly04075","Plant hormone signal transduction",4.66950235263859e-05,0.000887205447001331,0.000573447657341581,"19/184","437/11892",19,"101256856/101055553/101266791/101055555/101263741/101253938/101256200/543542/100736445/101251432/101250944/543543/101259435/101260027/101248690/543748/543722/101263505/606712"
"leaf","up","KEGG","sly00670","One carbon pool by folate",0.000356169423645389,0.0052995411638084,0.0034253728667275,"5/184","40/11892",5,"101253497/544302/101259725/101255258/101246429"
"leaf","up","KEGG","sly00996","Biosynthesis of various alkaloids",0.000403672698320359,0.0052995411638084,0.0034253728667275,"3/184","10/11892",3,"101255011/544002/543874"
"leaf","up","KEGG","sly01212","Fatty acid metabolism",0.000418384828721716,0.0052995411638084,0.0034253728667275,"7/184","88/11892",7,"101262830/112941338/101256767/101255474/101251311/101252237/101247598"
"leaf","up","KEGG","sly01240","Biosynthesis of cofactors",0.000511271743484353,0.00582849787572162,0.00376726547830576,"12/184","250/11892",12,"101263146/101254553/101251311/101252237/544302/101259725/544238/101258297/101246429/100191133/101256030/101253875"
"leaf","up","KEGG","sly00400","Phenylalanine, tyrosine and tryptophan biosynthesis",0.000922560246092535,0.009247583917536,0.00597720105473241,"5/184","49/11892",5,"544154/544153/101258500/101259361/101247331"
"leaf","up","KEGG","sly00650","Butanoate metabolism",0.000973429886056421,0.009247583917536,0.00597720105473241,"4/184","29/11892",4,"101262830/544258/100134904/543874"
"leaf","up","KEGG","sly00350","Tyrosine metabolism",0.0013209430655801,0.011583654575087,0.00748712668749852,"5/184","53/11892",5,"101260960/544074/101252525/606710/101259357"
"leaf","up","KEGG","sly00620","Pyruvate metabolism",0.00149702938527903,0.0121900964229864,0.00787910202778438,"7/184","109/11892",7,"101260960/101262830/544074/543522/101251907/101256147/101246429"
"leaf","up","KEGG","sly00900","Terpenoid backbone biosynthesis",0.00183389108008191,0.0131574894142292,0.0085043791227705,"5/184","57/11892",5,"101262830/101261961/100134900/100134904/778360"
"leaf","up","KEGG","sly01200","Carbon metabolism",0.00184666518094445,0.0131574894142292,0.0085043791227705,"12/184","290/11892",12,"101262830/543522/101254553/101253940/101267392/101259725/101255258/101248455/543990/101256147/101254848/101246429"
"leaf","up","KEGG","sly00062","Fatty acid elongation",0.00199650917644909,0.0133883556538351,0.00865360014559977,"4/184","35/11892",4,"101267160/101247598/101246151/101268510"
"leaf","up","KEGG","sly00270","Cysteine and methionine metabolism",0.00235883549911417,0.0149392914943897,0.00965605175075975,"7/184","118/11892",7,"543800/101254553/101253940/544285/544302/101254848/101253875"
"leaf","up","KEGG","sly00073","Cutin, suberine and wax biosynthesis",0.00359331128299056,0.0185211324069414,0.0119711843812179,"4/184","41/11892",4,"101248686/101257532/101267893/101267934"
"leaf","up","KEGG","sly00460","Cyanoamino acid metabolism",0.00359331128299056,0.0185211324069414,0.0119711843812179,"4/184","41/11892",4,"101253940/543698/101259725/101250409"
"leaf","up","KEGG","sly03460","Fanconi anemia pathway",0.00359331128299056,0.0185211324069414,0.0119711843812179,"4/184","41/11892",4,"544003/101255870/101260976/101255547"
"leaf","up","KEGG","sly00260","Glycine, serine and threonine metabolism",0.00373671969613731,0.0185211324069414,0.0119711843812179,"5/184","67/11892",5,"101254553/101253497/101259725/101254848/101246429"
"leaf","up","KEGG","sly00280","Valine, leucine and isoleucine degradation",0.00373671969613731,0.0185211324069414,0.0119711843812179,"5/184","67/11892",5,"101262830/778303/100134904/101246429/101253875"
"leaf","up","KEGG","sly00603","Glycosphingolipid biosynthesis - globo and isoglobo series",0.00798052989457095,0.037907516999212,0.0245016268692968,"2/184","9/11892",2,"101249542/101253853"
"leaf","up","KEGG","sly00630","Glyoxylate and dicarboxylate metabolism",0.00834033982182368,0.038031949587516,0.0245820542116909,"5/184","81/11892",5,"101262830/101259725/101248455/543990/101246429"
"leaf","up","KEGG","sly04626","Plant-pathogen interaction",0.011460878473236,0.0488968020164141,0.0316045811740442,"9/184","237/11892",9,"543900/101259509/101249567/101256200/101267160/543947/778272/101246151/101268510"
"leaf","up","KEGG","sly00380","Tryptophan metabolism",0.0115808215302033,0.0488968020164141,0.0316045811740442,"4/184","57/11892",4,"101262830/543990/101246429/101265297"
"leaf","up","KEGG","sly01210","2-Oxocarboxylic acid metabolism",0.0122463455866728,0.0498601213171677,0.0322272252280862,"5/184","89/11892",5,"778303/101251907/101248455/101246429/101253875"
"leaf","up","KEGG","sly00360","Phenylalanine metabolism",0.0137963418624208,0.05218977409987,0.0337330026499621,"4/184","60/11892",4,"101244220/101243656/101264847/101265757"
"leaf","up","KEGG","sly03440","Homologous recombination",0.0137963418624208,0.05218977409987,0.0337330026499621,"4/184","60/11892",4,"544003/101255870/101260976/101255547"
"leaf","up","KEGG","sly00590","Arachidonic acid metabolism",0.0141919561148769,0.05218977409987,0.0337330026499621,"2/184","12/11892",2,"101250409/101252788"
"leaf","up","KEGG","sly01040","Biosynthesis of unsaturated fatty acids",0.0153376363534926,0.0546403295093174,0.0353169258139633,"3/184","34/11892",3,"112941338/101256767/101255474"
"leaf","up","KEGG","sly00010","Glycolysis / Gluconeogenesis",0.0172244471054968,0.0595026354553526,0.0384596905066915,"6/184","133/11892",6,"101246495/101260960/544074/101267392/101256147/101246429"
"leaf","up","KEGG","sly00910","Nitrogen metabolism",0.0178946497151651,0.0599997078684947,0.0387809746149088,"3/184","36/11892",3,"778326/101268239/101259260"
"leaf","up","KEGG","sly00100","Steroid biosynthesis",0.0206745102619456,0.0673398334246229,0.0435252847619908,"3/184","38/11892",3,"101249884/100147715/101264777"
"leaf","up","KEGG","sly00905","Brassinosteroid biosynthesis",0.0219031810238872,0.0693600732423095,0.0448310722711142,"2/184","15/11892",2,"543801/100037489"
"leaf","up","KEGG","sly03030","DNA replication",0.0286023506078934,0.0881261613324283,0.0569605844253922,"3/184","43/11892",3,"101268250/101255870/101055576"
"leaf","up","KEGG","sly00591","Linoleic acid metabolism",0.030965615449481,0.0915716954194543,0.0591876147678837,"2/184","18/11892",2,"101263535/101252788"
"leaf","up","KEGG","sly02010","ABC transporters",0.031327158959287,0.0915716954194543,0.0591876147678837,"4/184","77/11892",4,"101244486/101260345/101260177/101247843"
"leaf","up","KEGG","sly00780","Biotin metabolism",0.0342625129973675,0.0976481620424975,0.0631151555214665,"2/184","19/11892",2,"101251311/101252237"
"leaf","down","KEGG","sly00052","Galactose metabolism",1.20779658699769e-06,0.000100247116720808,6.61109710777682e-05,"8/144","66/11892",8,"100316891/101244339/101257623/101263843/101253771/101268121/101254509/101261450"
"leaf","down","KEGG","sly04981","Folate transport and metabolism",1.04039029239442e-05,0.000431761971343686,0.000284738395813211,"6/144","42/11892",6,"101252315/101251816/101254989/101248317/101267994/101264742"
"leaf","down","KEGG","sly04712","Circadian rhythm - plant",2.02625356002812e-05,0.000560596818274446,0.000369702403934955,"6/144","47/11892",6,"101267355/101261662/101249991/101254900/778253/778294"
"leaf","down","KEGG","sly04016","MAPK signaling pathway - plant",0.000117268145160873,0.00243331401208812,0.00160472198641195,"10/144","193/11892",10,"101244003/100316895/606299/543571/101256105/544147/606304/101265257/101249467/101246907"
"leaf","down","KEGG","sly00010","Glycolysis / Gluconeogenesis",0.000208535208176553,0.00346168445573078,0.00228291175266963,"8/144","133/11892",8,"101253771/101257775/101267346/101268121/101255458/101249787/101256911/101246870"
"leaf","down","KEGG","sly04141","Protein processing in endoplasmic reticulum",0.000327103803574092,0.00452493594944161,0.00298410487471101,"10/144","219/11892",10,"100134914/101264183/101055596/101255164/100736433/101265499/543846/101244060/543572/101252822"
"leaf","down","KEGG","sly00710","Carbon fixation by Calvin cycle",0.000467045993580452,0.00538704305346533,0.0035526472895396,"6/144","82/11892",6,"101267346/101249787/101248407/101245149/101246870/101251315"
"leaf","down","KEGG","sly00030","Pentose phosphate pathway",0.000519233065394249,0.00538704305346533,0.0035526472895396,"5/144","55/11892",5,"101253771/101268121/101249787/101246870/101251315"
"leaf","down","KEGG","sly00906","Carotenoid biosynthesis",0.00122036416366533,0.011254469509358,0.00742209783749675,"4/144","39/11892",4,"544133/543964/543988/544104"
"leaf","down","KEGG","sly02010","ABC transporters",0.00238463155473431,0.0187074676879029,0.0123372012653259,"5/144","77/11892",5,"101252315/101254989/101248317/101267994/101264742"
"leaf","down","KEGG","sly04075","Plant hormone signal transduction",0.00247930294658954,0.0187074676879029,0.0123372012653259,"13/144","437/11892",13,"101244003/104649549/100316895/101267355/606299/101055583/101247697/101251833/101264094/101267951/101256828/101246907/100037508"
"leaf","down","KEGG","sly01200","Carbon metabolism",0.00276254524799518,0.0191076046319667,0.0126010835873464,"10/144","290/11892",10,"101253771/101257775/101267346/101268121/101249787/101248407/101245149/101246870/101055519/101251315"
"leaf","down","KEGG","sly00270","Cysteine and methionine metabolism",0.00308270130909113,0.0196818622041972,0.0129797949856469,"6/144","118/11892",6,"101255136/101248619/101254608/101251816/606304/101260400"
"leaf","down","KEGG","sly04144","Endocytosis",0.00417855821002794,0.0247728808165942,0.0163372200692822,"7/144","167/11892",7,"100134914/101055596/101255164/100736433/101248969/101245304/101253987"
"leaf","down","KEGG","sly00565","Ether lipid metabolism",0.00555691706891795,0.0307482744480127,0.0202778728128936,"3/144","30/11892",3,"101248969/101245304/101253987"
"leaf","down","KEGG","sly04626","Plant-pathogen interaction",0.00817246654392953,0.0406086132164448,0.0267805692740029,"8/144","237/11892",8,"101245539/101264183/101267202/101260537/101244910/543571/112940015/101258036"
"leaf","down","KEGG","sly00053","Ascorbate and aldarate metabolism",0.0083174268033682,0.0406086132164448,0.0267805692740029,"4/144","66/11892",4,"101251411/544013/544280/101263934"
"leaf","down","KEGG","sly00430","Taurine and hypotaurine metabolism",0.00887566920612982,0.0409266968949319,0.0269903391063597,"2/144","12/11892",2,"101258974/100147723"
"leaf","down","KEGG","sly00941","Flavonoid biosynthesis",0.0100004273319034,0.0423175214738425,0.0279075601349373,"3/144","37/11892",3,"101266223/778294/101247849"
"leaf","down","KEGG","sly00051","Fructose and mannose metabolism",0.0101969931262271,0.0423175214738425,0.0279075601349373,"4/144","70/11892",4,"101253771/101268121/101249787/101246870"
"leaf","down","KEGG","sly00500","Starch and sucrose metabolism",0.0110432105776269,0.0436469751401443,0.0287843082725111,"6/144","154/11892",6,"100736451/100191117/101254155/101055611/101246575/101262329"
"leaf","down","KEGG","sly00960","Tropane, piperidine and pyridine alkaloid biosynthesis",0.0123862779458235,0.0467300486137885,0.030817533645111,"3/144","40/11892",3,"101260288/101251506/101253199"
"leaf","down","KEGG","sly00073","Cutin, suberine and wax biosynthesis",0.0132477172580831,0.0478069796704738,0.0315277481656898,"3/144","41/11892",3,"101257641/101264266/101245281"
"leaf","down","KEGG","sly00562","Inositol phosphate metabolism",0.0141084235702243,0.0487916315136923,0.0321771063882308,"4/144","77/11892",4,"543809/544013/544280/544226"
"leaf","down","KEGG","sly00902","Monoterpenoid biosynthesis",0.0156352287783541,0.0519089595441356,0.0342329219568174,"2/144","16/11892",2,"543602/101259903"
"leaf","down","KEGG","sly00040","Pentose and glucuronate interconversions",0.0190231917629761,0.0607278813971929,0.0400488247641602,"5/144","127/11892",5,"101260096/101268391/101253756/101260021/101244677"
"leaf","down","KEGG","sly01230","Biosynthesis of amino acids",0.0200312247168476,0.0615774685740129,0.0406091105370789,"7/144","226/11892",7,"101253771/101257775/101268121/101254608/101249787/101246870/101251315"
"leaf","down","KEGG","sly00740","Riboflavin metabolism",0.0239881196687184,0.071107640446558,0.0468940685253141,"2/144","20/11892",2,"101261429/101249252"
"leaf","down","KEGG","sly00860","Porphyrin metabolism",0.0249532346689392,0.0714178785352397,0.047098664347907,"3/144","52/11892",3,"104647958/101244441/101258237"
"root","up","KEGG","sly00940","Phenylpropanoid biosynthesis",3.08172505578587e-32,3.7288873175009e-30,2.66001531130991e-30,"45/307","179/11892",45,"101247849/101260463/101246092/101249969/544293/101260278/101246312/101267376/101265606/101249975/101257228/101265690/101265187/101267754/101265511/101266098/101249612/101249624/101254287/101244951/101255589/101248973/101244376/101244668/101262919/101264425/101244289/101261825/101248210/544249/101264739/543959/101246070/101246453/101266746/101248236/101261963/101253032/101268440/101268153/101261765/101262063/101262367/101243656/101248159"
"root","up","KEGG","sly00945","Stilbenoid, diarylheptanoid and gingerol biosynthesis",2.91528706010242e-12,1.76374867136196e-10,1.25817652067578e-10,"11/307","23/11892",11,"101247849/101246092/101260278/101265690/101265187/101262919/544249/101253032/101261765/101262063/101262367"
"root","up","KEGG","sly00941","Flavonoid biosynthesis",1.33479885319774e-09,5.38368870789755e-08,3.84047389341104e-08,"11/307","37/11892",11,"101247849/101246092/101260278/101265690/101265187/101262919/544249/101253032/101261765/101262063/101262367"
"root","up","KEGG","sly00480","Glutathione metabolism",1.7607742654891e-07,5.32634215310451e-06,3.79956552026594e-06,"15/307","112/11892",15,"101264583/101264282/101268630/101255673/544209/101249821/101247725/543836/543536/101268500/101265571/101266084/101246397/544017/101265520"
"root","up","KEGG","sly00400","Phenylalanine, tyrosine and tryptophan biosynthesis",3.82412173490941e-07,9.25437459848077e-06,6.60164173184361e-06,"10/307","49/11892",10,"543548/101243843/544078/100736464/544153/101259361/101264863/101258500/101247693/101252470"
"root","up","KEGG","sly00960","Tropane, piperidine and pyridine alkaloid biosynthesis",6.12562694135852e-07,1.2353347665073e-05,8.8123054244105e-06,"9/307","40/11892",9,"100736464/101263402/104647586/101245061/101247232/101254319/101251506/101264863/101252470"
"root","up","KEGG","sly04016","MAPK signaling pathway - plant",2.53377374989464e-06,4.12713060580341e-05,2.94410360744567e-05,"18/307","193/11892",18,"606304/544146/101259509/544149/101256856/101262522/606712/101248690/101260252/101267332/104648939/101266151/101247461/543712/101267358/101251136/101245906/778234"
"root","up","KEGG","sly00360","Phenylalanine metabolism",2.72868139226672e-06,4.12713060580341e-05,2.94410360744567e-05,"10/307","60/11892",10,"100736464/101249664/101254319/101264847/101265757/778254/101264863/101255350/101243656/101252470"
"root","up","KEGG","sly00350","Tyrosine metabolism",7.3927157665866e-06,9.93909564174421e-05,7.09008997497195e-05,"9/307","53/11892",9,"101263372/100736464/101254319/606710/101261257/101260960/101264863/101255350/101252470"
"root","up","KEGG","sly00950","Isoquinoline alkaloid biosynthesis",8.71780591620387e-06,0.000105485451586067,7.52484300135491e-05,"7/307","30/11892",7,"101263372/100736464/101254319/606710/101261257/101264863/101252470"
"root","up","KEGG","sly00270","Cysteine and methionine metabolism",1.07344668190935e-05,0.000118079135010029,8.42321798244659e-05,"13/307","118/11892",13,"606304/101246567/101244469/101247725/101266529/543800/544052/544285/543536/101264863/101253940/101251255/101252470"
"root","up","KEGG","sly00900","Terpenoid backbone biosynthesis",1.37082207308195e-05,0.000138224559035763,9.8602991221684e-05,"9/307","57/11892",9,"101261961/778360/100134905/101256682/101262830/100134904/101244138/100134900/543552"
"root","up","KEGG","sly00190","Oxidative phosphorylation",1.91181156739704e-05,0.000177945538196187,0.000126938095972921,"15/307","162/11892",15,"101251020/101245883/101252838/101247875/101264166/101267099/101244937/101255084/101254490/101252593/101246164/101258580/101264887/101258330/101248453"
"root","up","KEGG","sly00910","Nitrogen metabolism",3.12964593162571e-05,0.000270490826947651,0.000192955613829555,"7/307","36/11892",7,"100147727/543756/101259288/778326/101268239/100736473/101250864"
"root","up","KEGG","sly04075","Plant hormone signal transduction",6.51929439129667e-05,0.000525889747564598,0.000375145361464089,"26/307","437/11892",26,"101250954/101268544/101260391/101268443/101267951/101251833/138347239/101256856/543756/543723/101259435/101252288/101262522/606712/101248398/101055583/101253797/101055555/101248690/101266151/101247461/543712/101262762/543601/101245906/778234"
"root","up","KEGG","sly01230","Biosynthesis of amino acids",7.86697596662255e-05,0.00059494005747583,0.000424402650830953,"17/307","226/11892",17,"543548/101246567/101243843/543756/544078/100736464/544153/101262009/101256090/101253902/104648641/543983/101259361/101253940/101258500/101252842/101247693"
"root","up","KEGG","sly00592","alpha-Linolenic acid metabolism",0.000352316427363797,0.00250766398300115,0.00178885121014436,"7/307","52/11892",7,"543762/100736436/544306/543895/543896/101260960/101266902"
"root","up","KEGG","sly01212","Fatty acid metabolism",0.000432653441101534,0.00290839257629365,0.00207471240762139,"9/307","88/11892",9,"101259379/112941338/101249464/101262830/101244208/101251311/101252237/101255474/138340542"
"root","up","KEGG","sly00902","Monoterpenoid biosynthesis",0.000620047722258209,0.00394872496806544,0.00281683729779353,"4/307","16/11892",4,"101251042/104644298/101259903/543602"
"root","up","KEGG","sly01320","Sulfur cycle",0.00124218635155993,0.00751522742693755,0.00536101478041652,"4/307","19/11892",4,"101246567/101257319/544267/101253940"
"root","up","KEGG","sly00130","Ubiquinone and other terpenoid-quinone biosynthesis",0.00172231638588764,0.00992382298535257,0.00707919517006447,"6/307","50/11892",6,"101249624/101262919/101248210/778248/101264863/101252470"
"root","up","KEGG","sly01310","Nitrogen cycle",0.00195891945500859,0.0107740570025472,0.00768571269429207,"2/307","3/11892",2,"778326/100736473"
"root","up","KEGG","sly01240","Biosynthesis of cofactors",0.00213129558387794,0.0112124680717057,0.00799845482279137,"15/307","250/11892",15,"101261158/101246036/101256090/543790/101249464/101261729/101254613/101260252/101257095/778248/543536/104648939/101251311/101263146/101252237"
"root","up","KEGG","sly00380","Tryptophan metabolism",0.0033838742931049,0.0170603662277372,0.0121700742120439,"6/307","57/11892",6,"101265297/101244469/101253797/101262830/101257095/101261963"
"root","up","KEGG","sly01232","Nucleotide metabolism",0.00592279661430762,0.0286663356132489,0.020449234626241,"7/307","84/11892",7,"101268630/101255711/101260252/104648939/101244800/101251530/101258022"
"root","up","KEGG","sly00061","Fatty acid biosynthesis",0.008359983830645,0.0389060785964633,0.0277537924742061,"5/307","49/11892",5,"101259379/101249464/101244208/101251311/101252237"
"root","up","KEGG","sly00230","Purine metabolism",0.0120163804594244,0.050693446790551,0.0361623543873439,"7/307","96/11892",7,"101244906/101268630/101260252/104648939/101244800/101263765/101251530"
"root","up","KEGG","sly00920","Sulfur metabolism",0.0121451035308412,0.050693446790551,0.0361623543873439,"4/307","35/11892",4,"101246567/101257319/544267/101253940"
"root","up","KEGG","sly00780","Biotin metabolism",0.012149669065504,0.050693446790551,0.0361623543873439,"3/307","19/11892",3,"101249464/101251311/101252237"
"root","up","KEGG","sly00999","Biosynthesis of various plant secondary metabolites",0.014480188883686,0.0584034284975335,0.0416622978407807,"5/307","56/11892",5,"543548/101257511/101251676/101248330/101258500"
"root","up","KEGG","sly00460","Cyanoamino acid metabolism",0.0208341496498679,0.0803498840978309,0.0573178816530851,"4/307","41/11892",4,"101245157/101256090/101248330/101253940"
"root","up","KEGG","sly00908","Zeatin biosynthesis",0.0216686835498688,0.0803498840978309,0.0573178816530851,"5/307","62/11892",5,"101262709/101244307/101254417/101268547/101257246"
"root","up","KEGG","sly00520","Amino sugar and nucleotide sugar metabolism",0.0219136047539539,0.0803498840978309,0.0573178816530851,"8/307","133/11892",8,"544146/544149/101251942/101256086/101253788/101246662/101267358/101251136"
"root","up","KEGG","sly00240","Pyrimidine metabolism",0.0275594755561128,0.0980793100673428,0.0699652320619583,"5/307","66/11892",5,"101268630/101255711/101260252/104648939/101258022"
"root","up","KEGG","sly00541","Biosynthesis of various nucleotide sugars",0.0285631269165389,0.0987468101971773,0.0704413957039456,"3/307","26/11892",3,"101255354/101249670/101262269"
"root","down","KEGG","sly04712","Circadian rhythm - plant",2.46952719980955e-06,0.000146865670897362,0.000109009607278744,"6/100","47/11892",6,"100736520/100736457/544219/778295/778294/101249991"
"root","down","KEGG","sly00710","Carbon fixation by Calvin cycle",5.46086271865846e-06,0.000146865670897362,0.000109009607278744,"7/100","82/11892",7,"101267346/101253541/101266787/778287/101245149/101267723/101245299"
"root","down","KEGG","sly00500","Starch and sucrose metabolism",5.64867964989853e-06,0.000146865670897362,0.000109009607278744,"9/100","154/11892",9,"101259279/544039/101248715/544283/101257723/101259777/101268420/101253025/101247563"
"root","down","KEGG","sly00941","Flavonoid biosynthesis",0.000251241747939782,0.00477676257865187,0.00354550528779829,"4/100","37/11892",4,"100736482/101266223/778295/778294"
"root","down","KEGG","sly00620","Pyruvate metabolism",0.000306202729400761,0.00477676257865187,0.00354550528779829,"6/100","109/11892",6,"101267346/778287/101245149/101261114/101267723/101267438"
"root","down","KEGG","sly01200","Carbon metabolism",0.00073581829955584,0.00956563789422592,0.00710000113606513,"9/100","290/11892",9,"101267346/101255335/101253541/101266787/778287/101255867/101245149/101267723/101245299"
"root","down","KEGG","sly00592","alpha-Linolenic acid metabolism",0.000935222317214597,0.0104210486775341,0.00773492142057186,"4/100","52/11892",4,"544008/543806/101261114/101255254"
"root","down","KEGG","sly00906","Carotenoid biosynthesis",0.00423382278302767,0.0412797721345198,0.0306395069824371,"3/100","39/11892",3,"543964/543696/544129"
"root","down","KEGG","sly00591","Linoleic acid metabolism",0.00981178939562848,0.0777815879130497,0.0577326226075268,"2/100","18/11892",2,"544008/101255254"
"root","down","KEGG","sly00350","Tyrosine metabolism",0.00997199845039099,0.0777815879130497,0.0577326226075268,"3/100","53/11892",3,"101261114/101263431/101259357"
"root","down","KEGG","sly04144","Endocytosis",0.0132814446725993,0.0941775167693403,0.0699023403821014,"5/100","167/11892",5,"101055596/100736433/101257989/101267950/101255164"
