"ID","Description","GeneRatio","BgRatio","RichFactor","FoldEnrichment","zScore","pvalue","p.adjust","qvalue","geneID","Count","gene_set"
"GO:0009873","ethylene-activated signaling pathway","9/254","39/6939",0.230769230769231,6.30436099333737,6.47476679959042,8.28061537333892e-06,0.00101851569092069,0.000906509472449735,"101247461/101266612/101266802/101263899/101251084/101263697/101055565/101245906/543712",9,"leaf_light_up"
"GO:0009909","regulation of flower development","5/254","11/6939",0.454545454545455,12.4176807444524,7.38675336448393,2.43634020263696e-05,0.00149834922462173,0.00133357568986444,"101264977/101254368/101245415/778253/101256897",5,"leaf_light_up"
"GO:0016036","cellular response to phosphate starvation","4/254","7/6939",0.571428571428571,15.6107986501687,7.53836217691898,5.62602103569996e-05,0.00230666862463698,0.00205300416741332,"101249511/101257836/101244416/101245125",4,"leaf_light_up"
"GO:0009765","photosynthesis, light harvesting","9/375","25/6939",0.36,6.66144,6.77767470766805,3.37085962950683e-06,0.000522483242573559,0.000500306534484698,"101265617/101253380/101256131/101243766/101267774/101256006/543976/101268123/101268669",9,"leaf_light_down"
"GO:0006508","proteolysis","34/375","286/6939",0.118881118881119,2.19977622377622,4.95248309125962,9.92748016755676e-06,0.000769379712985649,0.000736723528223949,"101257301/101248557/101257599/108348021/101261332/101259262/101266341/101264466/101258673/101249528/101244564/101252622/101263441/101257896/543726/543614/101252505/101246125/101267480/101261813/101244095/778274/101250880/101247980/778273/101251744/104647188/101244702/101246394/101255349/101266949/101055590/778308/544144",34,"leaf_light_down"
"GO:0006559","L-phenylalanine catabolic process","4/375","6/6939",0.666666666666667,12.336,6.63931627913132,0.000115471694585976,0.00596603755360875,0.00571281015320091,"101243656/101249824/101243631/101244220",4,"leaf_light_down"
"GO:0019752","carboxylic acid metabolic process","8/375","32/6939",0.25,4.626,4.91367645192943,0.000225710789067557,0.00874629307636783,0.00837505822592777,"101251907/778256/101262912/101264847/544276/100147722/778254/101265757",8,"leaf_light_down"
"GO:2000028","regulation of photoperiodism, flowering","3/375","4/6939",0.75,13.878,6.15748948874994,0.000601365193709856,0.0186423210050055,0.0178510510132821,"101255788/101258346/101268174",3,"leaf_light_down"
"GO:0051301","cell division","3/375","6/6939",0.5,9.252,4.83306615520392,0.00277072914066434,0.0685625399781285,0.0656524151912809,"101258564/101055537/100301933",3,"leaf_light_down"
"GO:0005975","carbohydrate metabolic process","28/375","300/6939",0.0933333333333333,1.72704,3.07691921425388,0.0030963727732058,0.0685625399781285,0.0656524151912809,"101248295/101267848/101252064/543610/543609/101249056/101259605/543736/101258345/100500729/101254849/101249542/544101/101252862/101253853/104645427/101259149/101247513/101249166/101253788/101253852/101263088/543515/101261871/543999/101055561/101268420/543698",28,"leaf_light_down"
"GO:0006012","galactose metabolic process","3/375","7/6939",0.428571428571429,7.93028571428571,4.38449296938224,0.00465531850714207,0.0901967960758777,0.0863684091456622,"101267552/101267862/101266745",3,"leaf_light_down"
"GO:0030527","structural constituent of chromatin","15/568","53/9971",0.283018867924528,4.96827664097794,7.11895671526323,1.49078726016519e-07,3.13065324634689e-05,2.98157452033037e-05,"101265669/101250929/101253224/101267861/544080/544081/101248209/101252889/101252991/101256351/101256941/101260642/138349012/138349013/138349082",15,"leaf_light_down"
"GO:0046982","protein heterodimerization activity","16/568","86/9971",0.186046511627907,3.26596790042581,5.18684381875915,2.31996548898959e-05,0.00243596376343907,0.00231996548898959,"101265669/101258170/101250929/101253224/101267861/544080/544081/101248209/101252889/101252991/101256351/101256941/101260642/138349012/138349013/138349082",16,"leaf_light_down"
"GO:0016841","ammonia-lyase activity","4/568","5/9971",0.8,14.043661971831,7.16989218566209,4.97683938729739e-05,0.00348378757110817,0.00331789292486492,"101243656/101249824/101243631/101244220",4,"leaf_light_down"
"GO:0004553","hydrolase activity, hydrolyzing O-glycosyl compounds","23/568","176/9971",0.130681818181818,2.29406410051216,4.25694885139999,0.00015843298957294,0.00722120742591764,0.00687734040563585,"101267848/543610/543609/101249056/101259605/543736/101258345/101254849/101249542/544101/101264677/101253853/104645427/101259149/101247513/101253788/101253852/543515/101261871/543999/101055561/101268420/543698",23,"leaf_light_down"
"GO:0016630","protochlorophyllide reductase activity","3/568","3/9971",1,17.5545774647887,7.04795693997003,0.000183934143873018,0.00722120742591764,0.00687734040563585,"101248079/543647/101244717",3,"leaf_light_down"
"GO:0016830","carbon-carbon lyase activity","7/568","23/9971",0.304347826086957,5.34269748928353,5.12441314178584,0.000206320212169076,0.00722120742591764,0.00687734040563585,"778256/101262912/101264847/101264726/100147722/778254/101265757",7,"leaf_light_down"
"GO:0008234","cysteine-type peptidase activity","7/568","28/9971",0.25,4.38864436619718,4.41300904421951,0.000776938557213398,0.023308156716402,0.0221982444918114,"101249528/543614/101252505/101247980/778273/101251744/544144",7,"leaf_light_down"
"GO:0004190","aspartic-type endopeptidase activity","10/568","55/9971",0.181818181818182,3.19174135723431,4.00581526619364,0.000949627332634523,0.0249277174816562,0.0237406833158631,"101248557/101261332/101266341/101264466/101258673/101252622/101246125/101261813/101244095/101266949",10,"leaf_light_down"
"GO:0070008","serine-type exopeptidase activity","3/568","5/9971",0.6,10.5327464788732,5.23999814119506,0.00168649653906619,0.0393515859115445,0.0374777008681376,"101259262/101244702/101246394",3,"leaf_light_down"
"GO:0000786","nucleosome","15/137","63/2695",0.238095238095238,4.68369829683698,6.84573675374323,2.74321023182991e-07,8.50395171867271e-06,8.50395171867271e-06,"101265669/101250929/101253224/101267861/544080/544081/101248209/101252889/101252991/101256351/101256941/101260642/138349012/138349013/138349082",15,"leaf_light_down"
"GO:0006508","proteolysis","53/773","286/6939",0.185314685314685,1.66351694876921,4.05724664917807,0.000107948094000747,0.0255836982781769,0.0238622102527966,"101257301/101248557/101257599/108348021/101261332/101259262/101266341/101264466/101258673/101244564/101268338/101255596/101257896/101260269/101267900/543966/101261866/543726/101265168/543727/101250430/101246777/543614/101249390/101252505/101246125/101267480/101261813/101244095/778274/101244399/101250880/101247995/101247980/101258820/101244548/778273/101251598/101261760/101263581/101251744/104647188/101244702/101246394/101255349/101266949/101055590/544296/101261173/778308/101264872/544144/101256833",53,"leaf_int_pos"
"GO:0009073","aromatic amino acid family biosynthetic process","5/773","8/6939",0.625,5.61044631306598,4.61950187562936,0.000710882661642717,0.0842395954046619,0.0785712415499845,"543977/544153/544152/101243843/544154",5,"leaf_int_pos"
"GO:0009408","response to heat","8/643","14/6939",0.571428571428571,6.16662963785825,6.18374730957699,9.43768816592184e-06,0.00219898134265979,0.00203655376211998,"101262751/101262659/101252869/101259708/543846/101258610/101249164/778327",8,"leaf_int_neg"
"GO:0009873","ethylene-activated signaling pathway","13/643","39/6939",0.333333333333333,3.59720062208398,5.1976081040844,2.75424910724342e-05,0.00320870020993859,0.00297168982623632,"101267746/101247461/543867/101267589/101266612/101266802/101261693/101263899/101251084/101263697/101055565/101245906/543712",13,"leaf_int_neg"
"GO:0010411","xyloglucan metabolic process","8/643","26/6939",0.307692307692308,3.32049288192368,3.78812159208636,0.00179515375340831,0.0683704717675716,0.0633202923530706,"101256456/543637/101253894/778213/543511/101254707/101257347/543619",8,"leaf_int_neg"
"GO:0009909","regulation of flower development","5/643","11/6939",0.454545454545455,4.90527357556907,4.14222933953457,0.00193393369023082,0.0683704717675716,0.0633202923530706,"101264977/101254368/101245415/778253/101256897",5,"leaf_int_neg"
"GO:0016036","cellular response to phosphate starvation","4/643","7/6939",0.571428571428571,6.16662963785825,4.37036136675621,0.00203521453117235,0.0683704717675716,0.0633202923530706,"101249511/101257836/101244416/101245125",4,"leaf_int_neg"
"GO:0032957","inositol trisphosphate metabolic process","4/643","7/6939",0.571428571428571,6.16662963785825,4.37036136675621,0.00203521453117235,0.0683704717675716,0.0633202923530706,"101262540/101258977/101265624/101246342",4,"leaf_int_neg"
"GO:0042546","cell wall biogenesis","8/643","27/6939",0.296296296296296,3.19751166407465,3.65596038178882,0.00234748400918701,0.0683704717675716,0.0633202923530706,"101256456/543637/101253894/778213/543511/101254707/101257347/543619",8,"leaf_int_neg"
"GO:0044042","glucan metabolic process","8/643","27/6939",0.296296296296296,3.19751166407465,3.65596038178882,0.00234748400918701,0.0683704717675716,0.0633202923530706,"101256456/543637/101253894/778213/543511/101254707/101257347/543619",8,"leaf_int_neg"
"GO:0008283","cell population proliferation","3/643","4/6939",0.75,8.09370139968896,4.53492324562241,0.00294995629393034,0.0687339816485768,0.0636569516058651,"101247397/101268443/101267951",3,"leaf_int_neg"
"GO:0009165","nucleotide biosynthetic process","3/643","4/6939",0.75,8.09370139968896,4.53492324562241,0.00294995629393034,0.0687339816485768,0.0636569516058651,"101247538/101262942/101244195",3,"leaf_int_neg"
"GO:0031072","heat shock protein binding","6/972","9/9971",0.666666666666667,6.83882030178326,5.75912733769847,5.48246879509143e-05,0.0145833669949432,0.0135041862952778,"101262751/101262659/101252869/101259708/101258610/101249164",6,"leaf_int_neg"
"GO:0051087","protein-folding chaperone binding","6/972","11/9971",0.545454545454545,5.59539842873176,5.01156572654267,0.000253804341363606,0.0337559774013596,0.0312580083574125,"101256232/101267811/101264896/101250069/101246459/104648101",6,"leaf_int_neg"
"GO:0005618","cell wall","8/217","27/2695",0.296296296296296,3.67980884109916,4.14067168601474,0.000899298815929062,0.0449649407964531,0.0444916256301746,"101256456/543637/101253894/778213/543511/101254707/101257347/543619",8,"leaf_int_neg"
"GO:0048544","recognition of pollen","3/68","37/6939",0.0810810810810811,8.27384737678855,4.41305356253022,0.00551225483321814,0.0973524186515291,0.0760307514086645,"101246129/101263453/101250622",3,"root_light_up"
"GO:0009873","ethylene-activated signaling pathway","3/68","39/6939",0.0769230769230769,7.84954751131222,4.26708476801088,0.00639380935418415,0.0973524186515291,0.0760307514086645,"101247461/101267295/101267005",3,"root_light_up"
"GO:0016567","protein ubiquitination","4/68","85/6939",0.0470588235294118,4.80207612456747,3.508486830041,0.00942120180498669,0.0973524186515291,0.0760307514086645,"101250143/101256674/101244650/101245353",4,"root_light_up"
"GO:0004497","monooxygenase activity","11/102","197/9971",0.0558375634517767,5.4583955409575,6.42519972317106,5.02989533695426e-06,0.000331973092238981,0.000275320586864865,"101261478/101247511/101264574/101262919/101266902/101251277/543675/101245278/109119848/101254668/101264876",11,"root_light_up"
"GO:0016705","oxidoreductase activity, acting on paired donors, with incorporation or reduction of molecular oxygen","11/102","214/9971",0.0514018691588785,5.02478468022723,6.05065618707513,1.10805165853385e-05,0.000365657047316169,0.000303256243388211,"101261478/101247511/101264574/101262919/101266902/101251277/543675/101245278/109119848/101254668/101264876",11,"root_light_up"
"GO:0005506","iron ion binding","11/102","249/9971",0.0441767068273092,4.31848964485393,5.39105077894923,4.52770683630516e-05,0.000996095503987135,0.000826107913992521,"101261478/101247511/101264574/101262919/101266902/101251277/543675/101245278/109119848/101254668/101264876",11,"root_light_up"
"GO:0020037","heme binding","11/102","324/9971",0.0339506172839506,3.3188392641007,4.31378108583448,0.000458101692226629,0.00755867792173937,0.00626875999889071,"101261478/101247511/101264574/101262919/101266902/101251277/543675/101245278/109119848/101254668/101264876",11,"root_light_up"
"GO:0016717","oxidoreductase activity, acting on paired donors, with oxidation of a pair of donors resulting in the reduction of molecular oxygen to two molecules of water","2/102","9/9971",0.222222222222222,21.723311546841,6.32292794425605,0.00355990986695728,0.0469908102438361,0.0389716448593218,"112941338/101255474",2,"root_light_up"
"GO:0008236","serine-type peptidase activity","4/102","75/9971",0.0533333333333333,5.21359477124183,3.72361392170237,0.00720023210784981,0.0792025531863479,0.0656863280014368,"101257301/101257599/101257896/543726",4,"root_light_up"
"GO:0010411","xyloglucan metabolic process","4/116","26/6939",0.153846153846154,9.20291777188329,5.46361653080495,0.000834248497468127,0.0235256155435188,0.0217107338829878,"101258345/543914/101261871/101261784",4,"root_light_down"
"GO:0042546","cell wall biogenesis","4/116","27/6939",0.148148148148148,8.86206896551724,5.33673113024294,0.0009668061182268,0.0235256155435188,0.0217107338829878,"101258345/543914/101261871/101261784",4,"root_light_down"
"GO:0044042","glucan metabolic process","4/116","27/6939",0.148148148148148,8.86206896551724,5.33673113024294,0.0009668061182268,0.0235256155435188,0.0217107338829878,"101258345/543914/101261871/101261784",4,"root_light_down"
"GO:0009269","response to desiccation","2/116","4/6939",0.5,29.9094827586207,7.54059370419366,0.00162634803906585,0.0296808517129518,0.0273911248684775,"544157/544031",2,"root_light_down"
"GO:0009873","ethylene-activated signaling pathway","4/116","39/6939",0.102564102564103,6.13527851458886,4.19305170370848,0.00388427459267684,0.0567104090530819,0.0523354892486985,"101267746/101246484/101252357/101249592",4,"root_light_down"
"GO:0007200","phospholipase C-activating G protein-coupled receptor signaling pathway","2/116","7/6939",0.285714285714286,17.0911330049261,5.55347504059565,0.00550787633743619,0.0670124954388069,0.0618428220343712,"101256961/101262422",2,"root_light_down"
"GO:0016762","xyloglucan:xyloglucosyl transferase activity","4/157","27/9971",0.148148148148148,9.40882283557443,5.53364004198785,0.000782785166214825,0.0743645907904083,0.0692146883811003,"101258345/543914/101261871/101261784",4,"root_light_down"
"GO:0005618","cell wall","4/37","27/2695",0.148148148148148,10.7907907907908,6.03154968332105,0.000421410536598081,0.00421410536598081,0.00354872030819437,"101258345/543914/101261871/101261784",4,"root_light_down"
"GO:0048046","apoplast","4/37","43/2695",0.0930232558139535,6.77561282212445,4.50368191033392,0.0025324075025138,0.012662037512569,0.0106627684316371,"101258345/543914/101261871/101261784",4,"root_light_down"
"GO:0080183","response to photooxidative stress","1/7","3/6939",0.333333333333333,330.428571428571,18.1344437539923,0.00302375609021621,0.0181346924410306,0.00848406663907865,"104649498",1,"root_int_pos"
"GO:0048564","photosystem I assembly","1/7","4/6939",0.25,247.821428571429,15.6901290387226,0.00402993165356236,0.0181346924410306,0.00848406663907865,"104649498",1,"root_int_pos"
"GO:0048268","clathrin coat assembly","1/7","10/6939",0.1,99.1285714285714,9.86727169008154,0.0100487260796421,0.0288653708773641,0.0135042670771294,"101252748",1,"root_int_pos"
"GO:0072583","clathrin-dependent endocytosis","1/7","13/6939",0.0769230769230769,76.2527472527473,8.62958046562795,0.0130464135921438,0.0288653708773641,0.0135042670771294,"101252748",1,"root_int_pos"
"GO:0009664","plant-type cell wall organization","1/7","16/6939",0.0625,61.9553571428571,7.75642498148487,0.0160363171540912,0.0288653708773641,0.0135042670771294,"101251019",1,"root_int_pos"
"GO:0055085","transmembrane transport","2/7","460/6939",0.00434782608695652,4.30993788819876,2.33443432742519,0.073731539775128,0.103908810259416,0.048612308893294,"544086/101245626",2,"root_int_pos"
"GO:0042744","hydrogen peroxide catabolic process","1/7","83/6939",0.0120481927710843,11.9432013769363,3.18702098907071,0.0808179635351013,0.103908810259416,0.048612308893294,"101251503",1,"root_int_pos"
"GO:0006979","response to oxidative stress","1/7","107/6939",0.00934579439252336,9.26435246995995,2.73756022399341,0.103116170806677,0.116005692157511,0.0542716688456192,"101251503",1,"root_int_pos"
"GO:0005975","carbohydrate metabolic process","1/7","300/6939",0.00333333333333333,3.30428571428571,1.29652982363981,0.266194371656216,0.266194371656216,0.124535378552615,"101260438",1,"root_int_pos"
"GO:0015267","channel activity","2/8","38/9971",0.0526315789473684,65.5986842105263,11.3050570976749,0.000390330234291259,0.00468396281149511,0.00205436965416452,"544086/101245626",2,"root_int_pos"
"GO:0033897","ribonuclease T2 activity","1/8","8/9971",0.125,155.796875,12.4110814236118,0.00640286003198676,0.0230179594635439,0.0100955962559403,"544098",1,"root_int_pos"
"GO:0005545","1-phosphatidylinositol binding","1/8","9/9971",0.111111111111111,138.486111111111,11.6924176901499,0.00720068971378351,0.0230179594635439,0.0100955962559403,"101252748",1,"root_int_pos"
"GO:0030276","clathrin binding","1/8","11/9971",0.0909090909090909,113.306818181818,10.5601552756472,0.00879466758176317,0.0230179594635439,0.0100955962559403,"101252748",1,"root_int_pos"
"GO:0005543","phospholipid binding","1/8","12/9971",0.0833333333333333,103.864583333333,10.1029018910466,0.0095908164431433,0.0230179594635439,0.0100955962559403,"101252748",1,"root_int_pos"
"GO:0004867","serine-type endopeptidase inhibitor activity","1/8","16/9971",0.0625,77.8984375,8.72276921362358,0.0127698192739994,0.0255396385479989,0.0112015958543855,"543962",1,"root_int_pos"
"GO:0003993","acid phosphatase activity","1/8","26/9971",0.0384615384615385,47.9375,6.7904998208972,0.0206782958378109,0.035448507150533,0.0155475908554969,"101249252",1,"root_int_pos"
"GO:0030246","carbohydrate binding","1/8","71/9971",0.0140845070422535,17.5545774647887,3.9666801686728,0.0555845657625831,0.0833768486438746,0.0365687932648573,"101260438",1,"root_int_pos"
"GO:0004601","peroxidase activity","1/8","105/9971",0.00952380952380952,11.8702380952381,3.17293122170362,0.081231338969539,0.108308451959385,0.0475037069997304,"101251503",1,"root_int_pos"
"GO:0016787","hydrolase activity","1/8","170/9971",0.00588235294117647,7.33161764705882,2.35939934462114,0.128570577164867,0.15428469259784,0.067668724823614,"101249252",1,"root_int_pos"
"GO:0003824","catalytic activity","1/8","275/9971",0.00363636363636364,4.53227272727273,1.68314596051244,0.200540408219002,0.218771354420729,0.0959523484301445,"101260438",1,"root_int_pos"
"GO:0020037","heme binding","1/8","324/9971",0.00308641975308642,3.84683641975309,1.47617003911074,0.232307111432273,0.232307111432273,0.101889083961523,"101251503",1,"root_int_pos"
"GO:0030136","clathrin-coated vesicle","1/5","9/2695",0.111111111111111,59.8888888888889,7.62797513278003,0.0165986765662006,0.0276439232356572,0.00969962218794991,"101252748",1,"root_int_pos"
"GO:0009535","chloroplast thylakoid membrane","1/5","10/2695",0.1,53.9,7.22422368869494,0.0184292821571048,0.0276439232356572,0.00969962218794991,"104649498",1,"root_int_pos"
"GO:0005576","extracellular region","1/5","44/2695",0.0227272727272727,12.25,3.24325916997907,0.0790670445768666,0.0790670445768666,0.0277428226585497,"101251019",1,"root_int_pos"
"GO:0009873","ethylene-activated signaling pathway","1/4","39/6939",0.0256410256410256,44.4807692307692,6.53926425182125,0.0222975809177711,0.0803746967002348,0.042302471947492,"101252357",1,"root_int_neg"
"GO:0042744","hydrogen peroxide catabolic process","1/4","83/6939",0.0120481927710843,20.9006024096386,4.38019833279495,0.0470038678880593,0.0803746967002348,0.042302471947492,"101260463",1,"root_int_neg"
"GO:0006979","response to oxidative stress","1/4","107/6939",0.00934579439252336,16.2126168224299,3.80842841714049,0.0602810225251761,0.0803746967002348,0.042302471947492,"101260463",1,"root_int_neg"
"GO:0055085","transmembrane transport","1/4","460/6939",0.00217391304347826,3.77119565217391,1.47712084033618,0.239992813718756,0.239992813718756,0.126312007220398,"101247639",1,"root_int_neg"
"GO:0016702","oxidoreductase activity, acting on single donors with incorporation of molecular oxygen, incorporation of two atoms of oxygen","1/6","25/9971",0.04,66.4733333333333,8.0425687435284,0.0149533711960917,0.0747668559804587,0.0629615629309126,"100316877",1,"root_int_neg"
"GO:0004601","peroxidase activity","1/6","105/9971",0.00952380952380952,15.8269841269841,3.74767109767874,0.0615580496128546,0.149230107427904,0.125667458886656,"101260463",1,"root_int_neg"
"GO:0022857","transmembrane transporter activity","1/6","203/9971",0.00492610837438424,8.1863711001642,2.53827917394392,0.116130749302477,0.149230107427904,0.125667458886656,"101247639",1,"root_int_neg"
"GO:0046983","protein dimerization activity","1/6","209/9971",0.00478468899521531,7.95135566188198,2.49205603679088,0.119384085942323,0.149230107427904,0.125667458886656,"101268539",1,"root_int_neg"
"GO:0020037","heme binding","1/6","324/9971",0.00308641975308642,5.12911522633745,1.8540349687108,0.179838417024615,0.179838417024615,0.151442877494412,"101260463",1,"root_int_neg"
"GO:0016036","cellular response to phosphate starvation","4/77","7/6939",0.571428571428571,51.4953617810761,14.1582111381908,4.78451441023878e-07,2.10518634050507e-05,1.61162590660675e-05,"101249511/101257836/101244416/101245125",4,"comb_light_up"
"GO:0008654","phospholipid biosynthetic process","2/77","8/6939",0.25,22.5292207792208,6.45375551180811,0.00325926319023934,0.0717037901852654,0.0548928537303468,"543809/544226",2,"comb_light_up"
"GO:0005975","carbohydrate metabolic process","11/54","300/6939",0.0366666666666667,4.71166666666667,5.82023225017416,1.48761394452225e-05,0.000342386167047411,0.000212003818605208,"101252064/543610/101259605/101258345/101249542/544101/104645427/101253852/101259291/101261871/101261784",11,"comb_light_down"
"GO:0009765","photosynthesis, light harvesting","4/54","25/6939",0.16,20.56,8.67633321078967,3.67139772577516e-05,0.000342386167047411,0.000212003818605208,"101253380/101267774/101256006/101268123",4,"comb_light_down"
"GO:0010411","xyloglucan metabolic process","4/54","26/6939",0.153846153846154,19.7692307692308,8.49106029750654,4.31396453948171e-05,0.000342386167047411,0.000212003818605208,"101258345/544101/101261871/101261784",4,"comb_light_down"
"GO:0042546","cell wall biogenesis","4/54","27/6939",0.148148148148148,19.037037037037,8.31586192484627,5.0350906918737e-05,0.000342386167047411,0.000212003818605208,"101258345/544101/101261871/101261784",4,"comb_light_down"
"GO:0044042","glucan metabolic process","4/54","27/6939",0.148148148148148,19.037037037037,8.31586192484627,5.0350906918737e-05,0.000342386167047411,0.000212003818605208,"101258345/544101/101261871/101261784",4,"comb_light_down"
"GO:0009228","thiamine biosynthetic process","2/54","3/6939",0.666666666666667,85.6666666666667,12.9891461205092,0.000177453240890091,0.00100556836504385,0.000622642950491548,"101264726/101257192",2,"comb_light_down"
"GO:2000028","regulation of photoperiodism, flowering","2/54","4/6939",0.5,64.25,11.205451189679,0.000353133809505135,0.00171522136045351,0.00106205656994025,"101255788/101258346",2,"comb_light_down"
"GO:0009664","plant-type cell wall organization","2/54","16/6939",0.125,16.0625,5.34160710398999,0.00665216345208974,0.0282716946713814,0.017505693294973,"543724/544212",2,"comb_light_down"
"GO:0009415","response to water","1/54","3/6939",0.333333333333333,42.8333333333333,6.41786550442484,0.0231684046354926,0.078772575760675,0.0487755887063003,"544056",1,"comb_light_down"
"GO:0015976","carbon utilization","1/54","3/6939",0.333333333333333,42.8333333333333,6.41786550442484,0.0231684046354926,0.078772575760675,0.0487755887063003,"100147727",1,"comb_light_down"
"GO:0009263","deoxyribonucleotide biosynthetic process","1/54","4/6939",0.25,32.125,5.51414495302387,0.0307734949108216,0.0871915689139945,0.0539885875628449,"101268630",1,"comb_light_down"
"GO:0009737","response to abscisic acid","1/54","4/6939",0.25,32.125,5.51414495302387,0.0307734949108216,0.0871915689139945,0.0539885875628449,"101266908",1,"comb_light_down"
"GO:0004553","hydrolase activity, hydrolyzing O-glycosyl compounds","9/74","176/9971",0.0511363636363636,6.89027948402948,6.81713146859726,5.59178990017126e-06,0.000279589495008563,0.00022955769063861,"543610/101259605/101258345/101249542/544101/104645427/101253852/101261871/101261784",9,"comb_light_down"
"GO:0016762","xyloglucan:xyloglucosyl transferase activity","4/74","27/9971",0.148148148148148,19.961961961962,8.53092746199803,4.31066629969224e-05,0.00107766657492306,0.00088482097730525,"101258345/544101/101261871/101261784",4,"comb_light_down"
"GO:0016630","protochlorophyllide reductase activity","2/74","3/9971",0.666666666666667,89.8288288288288,13.3052243748416,0.000162235470878034,0.0027039245146339,0.00222006433833099,"101248079/543647",2,"comb_light_down"
"GO:0008308","voltage-gated monoatomic anion channel activity","2/74","14/9971",0.142857142857143,19.2490347490347,5.90814732515481,0.00466747677546463,0.0583434596933079,0.0479030511166107,"101261097/101246039",2,"comb_light_down"
"GO:0030527","structural constituent of chromatin","3/74","53/9971",0.0566037735849057,7.62697603263641,4.18266359742274,0.00704703508069893,0.0704703508069893,0.0578598669783702,"101250929/101253224/101267861",3,"comb_light_down"
"GO:0005618","cell wall","4/24","27/2695",0.148148148148148,16.6358024691358,7.73885335561642,7.41285270869418e-05,0.000518899689608593,0.000234090085537711,"101258345/544101/101261871/101261784",4,"comb_light_down"
"GO:0048046","apoplast","4/24","43/2695",0.0930232558139535,10.4457364341085,5.91767028203716,0.000473755309291863,0.00165814358252152,0.000748034698881888,"101258345/544101/101261871/101261784",4,"comb_light_down"
"GO:0005576","extracellular region","3/24","44/2695",0.0681818181818182,7.65625,4.21908788558069,0.0064703928974081,0.0150975834272856,0.00681093989200853,"543724/544212/101258916",3,"comb_light_down"
"GO:0000786","nucleosome","3/24","63/2695",0.0476190476190476,5.34722222222222,3.3090752695604,0.0173657006065633,0.0303899760614858,0.0137097636367605,"101250929/101253224/101267861",3,"comb_light_down"
"GO:0019752","carboxylic acid metabolic process","8/235","32/6939",0.25,7.38191489361702,6.7743143520866,7.99012413970038e-06,0.000733162366886947,0.000610383980087697,"101251907/778256/101262912/101264847/100147722/778254/101249664/101265757",8,"comb_int_pos"
"GO:0009765","photosynthesis, light harvesting","7/235","25/6939",0.28,8.26774468085106,6.81536398183684,1.33302248524899e-05,0.000733162366886947,0.000610383980087697,"101253380/101243766/101267774/101256006/543976/101268123/101268669",7,"comb_int_pos"
"GO:0005975","carbohydrate metabolic process","25/235","300/6939",0.0833333333333333,2.46063829787234,4.84212562592779,2.50189280365821e-05,0.000917360694674678,0.000763735697958823,"101244563/544148/101260438/101267848/101249056/543736/100500729/101246798/101249542/544101/101261650/100529104/543996/104645427/101248016/543502/544149/101249166/101259291/543515/101254703/101266649/101257783/101055561/543698",25,"comb_int_pos"
"GO:0006979","response to oxidative stress","12/235","107/6939",0.11214953271028,3.31151322330483,4.51126582263852,0.000246325634662112,0.00677395495320808,0.00563956058305361,"101244682/101245610/101265511/101251503/544293/101264425/101266098/101261260/101248236/543895/543990/101253684",12,"comb_int_pos"
"GO:0042744","hydrogen peroxide catabolic process","10/235","83/6939",0.120481927710843,3.55754934632146,4.38845591278993,0.000454555381043751,0.0100002183829625,0.00832554066332765,"101244682/101245610/101265511/101251503/544293/101264425/101266098/101261260/101248236/101253684",10,"comb_int_pos"
"GO:0006559","L-phenylalanine catabolic process","3/235","6/6939",0.5,14.763829787234,6.31449166571507,0.000711080550535368,0.0130364767598151,0.0108533347186977,"101243656/101249824/101244220",3,"comb_int_pos"
"GO:0009073","aromatic amino acid family biosynthetic process","3/235","8/6939",0.375,11.0728723404255,5.33684328515988,0.00189293327325147,0.0297460942939516,0.0247646909432899,"543977/544153/544154",3,"comb_int_pos"
"GO:0006084","acetyl-CoA metabolic process","2/235","3/6939",0.666666666666667,19.6851063829787,6.06018296141068,0.00334995163059789,0.0334995163059789,0.0278895494604801,"101249394/100134904",2,"comb_int_pos"
"GO:0009098","L-leucine biosynthetic process","2/235","3/6939",0.666666666666667,19.6851063829787,6.06018296141068,0.00334995163059789,0.0334995163059789,0.0278895494604801,"101251907/101247914",2,"comb_int_pos"
"GO:0009228","thiamine biosynthetic process","2/235","3/6939",0.666666666666667,19.6851063829787,6.06018296141068,0.00334995163059789,0.0334995163059789,0.0278895494604801,"101264726/101257192",2,"comb_int_pos"
"GO:0010142","farnesyl diphosphate biosynthetic process, mevalonate pathway","2/235","3/6939",0.666666666666667,19.6851063829787,6.06018296141068,0.00334995163059789,0.0334995163059789,0.0278895494604801,"101249394/100134904",2,"comb_int_pos"
"GO:0006508","proteolysis","19/235","286/6939",0.0664335664335664,1.96162773396816,3.10931921767253,0.00368250403022988,0.0337562869437739,0.0281033202307017,"101257301/101248557/101257599/101258673/101249528/101251805/101257896/543726/543614/101252505/101261813/101244095/778274/101250880/101251744/101055590/544296/778308/544144",19,"comb_int_pos"
"GO:2000028","regulation of photoperiodism, flowering","2/235","4/6939",0.5,14.763829787234,5.15501736110218,0.00655029249864387,0.0554255519116019,0.0461437609216208,"101255788/101258346",2,"comb_int_pos"
"GO:0016830","carbon-carbon lyase activity","8/343","23/9971",0.347826086956522,10.1112942071238,8.25662762848883,5.63866858612885e-07,8.796322994361e-05,7.65671839590128e-05,"778256/101262912/101264847/101264726/100147722/778254/101249664/101265757",8,"comb_int_pos"
"GO:0020037","heme binding","29/343","324/9971",0.0895061728395062,2.60194183493503,5.53286033340844,2.20415399141385e-06,0.00017192401133028,0.000149650455206519,"101254669/101244682/101245610/101265511/101251878/101261478/100736505/101245153/101257772/101251503/101253427/544293/101264425/100736435/778326/101266963/101247849/101251277/101248700/101266098/101261260/101248236/101265070/101254668/101262063/543895/101256638/543990/101253684",29,"comb_int_pos"
"GO:0016831","carboxy-lyase activity","6/343","24/9971",0.25,7.26749271137026,5.80203037142045,0.000126203918142996,0.00656260374343579,0.00571238787384087,"778256/101262912/101264847/778254/101249664/101265757",6,"comb_int_pos"
"GO:0016841","ammonia-lyase activity","3/343","5/9971",0.6,17.4419825072886,6.94073304645553,0.000383264770958331,0.0149473260673749,0.0130108303825328,"101243656/101249824/101244220",3,"comb_int_pos"
"GO:0030170","pyridoxal phosphate binding","10/343","89/9971",0.112359550561798,3.26628885904281,4.05335312455184,0.000924752875347179,0.0211315002352917,0.0183938159942822,"101247011/101259725/778256/101262912/101264847/101252192/100147722/778254/101249664/101265757",10,"comb_int_pos"
"GO:0004601","peroxidase activity","11/343","105/9971",0.104761904761905,3.04542551714563,3.97680560206896,0.000940787517058373,0.0211315002352917,0.0183938159942822,"101244682/101245610/101265511/101251503/544293/101264425/101266098/101261260/101248236/543895/101253684",11,"comb_int_pos"
"GO:0016747","acyltransferase activity, transferring groups other than amino-acyl groups","8/343","61/9971",0.131147540983607,3.81245519284997,4.15853442287465,0.00108316285391832,0.0211315002352917,0.0183938159942822,"101246151/101266245/543835/101266542/544254/544307/101262830/101267147",8,"comb_int_pos"
"GO:0004553","hydrolase activity, hydrolyzing O-glycosyl compounds","15/343","176/9971",0.0852272727272727,2.47755433342168,3.73270932827458,0.00108366667873291,0.0211315002352917,0.0183938159942822,"101267848/101249056/543736/101246798/101249542/544101/101261650/100529104/543996/104645427/101248016/543502/543515/101055561/543698",15,"comb_int_pos"
"GO:0008234","cysteine-type peptidase activity","5/343","28/9971",0.178571428571429,5.19106622240733,4.19151879065674,0.00239377991977995,0.0414921852761858,0.0361166794914168,"101249528/543614/101252505/101251744/544144",5,"comb_int_pos"
"GO:0004421","hydroxymethylglutaryl-CoA synthase activity","2/343","3/9971",0.666666666666667,19.379980563654,6.00936051195077,0.00345930835173071,0.0539652102869991,0.0469737660392907,"101249394/100134904",2,"comb_int_pos"
"GO:0031012","extracellular matrix","2/68","3/2695",0.666666666666667,26.421568627451,7.08677525784472,0.00185180057282215,0.0259252080195101,0.0233911651303851,"101251805/101055590",2,"comb_int_pos"
"GO:0005819","spindle","2/68","7/2695",0.285714285714286,11.3235294117647,4.3993225307535,0.0121396226374022,0.0849773584618158,0.0766713008678037,"101265749/101260876",2,"comb_int_pos"
"GO:0009873","ethylene-activated signaling pathway","9/296","39/6939",0.230769230769231,5.40982328482329,5.82921161397109,2.83281362788348e-05,0.00396593907903688,0.00381684362493775,"101267746/101267589/101246484/101266612/101252357/101263899/101251084/101263697/101245906",9,"comb_int_neg"
"GO:0006796","phosphate-containing compound metabolic process","3/296","6/6939",0.5,11.7212837837838,5.54552533521167,0.00139614279318915,0.0977299955232408,0.094055935541164,"101266444/101264169/101258580",3,"comb_int_neg"
