"category","subcategory","ID","Description","GeneRatio","BgRatio","RichFactor","FoldEnrichment","zScore","pvalue","p.adjust","qvalue","geneID","Count","gene_set"
"Environmental Information Processing","Signal transduction","sly04075","Plant hormone signal transduction","22/142","437/11892",0.0503432494279176,4.21606987462533,7.53014044176321,9.7971365931244e-09,8.2295947382245e-07,5.98140970948648e-07,"100736540/101247461/544204/101250433/101245105/543601/101248225/101055583/101244285/100037508/104649549/101250944/101268443/101267355/101251993/100736477/101246226/101266575/101268544/101245906/543712/101055552",22,"leaf_light_up"
"Metabolism","Carbohydrate metabolism","sly00030","Pentose phosphate pathway","8/142","55/11892",0.145454545454545,12.1813060179257,9.13666040326528,2.57183117400474e-07,1.08016909308199e-05,7.85085305748815e-06,"101264273/101249787/101246870/101268121/101244195/101266629/101251315/101250853",8,"leaf_light_up"
"Metabolism","Energy metabolism","sly00710","Carbon fixation by Calvin cycle","9/142","82/11892",0.109756097560976,9.19168670559945,8.1825702020349,5.3527521721791e-07,1.49877060821015e-05,1.08933202100487e-05,"101264273/101249787/101248407/101265236/101246870/101261166/101266629/101251315/101250853",9,"leaf_light_up"
"Organismal Systems","Environmental adaptation","sly04712","Circadian rhythm - plant","7/142","47/11892",0.148936170212766,12.4728798321846,8.6633980625574,1.25934283096441e-06,2.64461994502527e-05,1.92215484726147e-05,"778294/778295/101261662/778253/101267355/101249991/101256107",7,"leaf_light_up"
"Metabolism","Carbohydrate metabolism","sly00051","Fructose and mannose metabolism","8/142","70/11892",0.114285714285714,9.57102615694165,7.90625452511081,1.71522553322894e-06,2.88157889582463e-05,2.09438065110061e-05,"101264273/101249787/101261972/101265391/101246870/101268121/101266629/101250853",8,"leaf_light_up"
"Metabolism","Metabolism of terpenoids and polyketides","sly00906","Carotenoid biosynthesis","6/142","39/11892",0.153846153846154,12.8840736728061,8.17180369221583,6.15029892625774e-06,8.61041849676084e-05,6.25819890742016e-05,"544104/101266862/101265985/543988/544133/543964",6,"leaf_light_up"
"Environmental Information Processing","Signal transduction","sly04016","MAPK signaling pathway - plant","11/142","193/11892",0.0569948186528497,4.77311537619499,5.8095005604265,1.94046143993859e-05,0.000232855372792631,0.000169243253408178,"101247461/101250433/101245105/101256105/101251136/100736474/101250944/101265257/104645860/101245906/543712",11,"leaf_light_up"
"Metabolism","Carbohydrate metabolism","sly00562","Inositol phosphate metabolism","7/142","77/11892",0.0909090909090909,7.61331626120358,6.40003309895299,3.57405468829285e-05,0.000375275742270749,0.000272756805159191,"101262540/543809/544280/100301920/101262094/544226/544013",7,"leaf_light_up"
"Metabolism","Global and overview maps","sly01200","Carbon metabolism","13/142","290/11892",0.0448275862068966,3.75415250121418,5.21981343547929,4.30912530442812e-05,0.000402185028413291,0.000292314932931966,"101264273/101245503/101249787/101248407/101265236/101265715/101246870/101268121/101261166/101244195/101266629/101251315/101250853",13,"leaf_light_up"
"Metabolism","Biosynthesis of other secondary metabolites","sly00941","Flavonoid biosynthesis","5/142","37/11892",0.135135135135135,11.317091739627,6.90942335476892,7.24978710487875e-05,0.000608982116809815,0.000442618581139966,"778294/100736482/101249699/778295/101266223",5,"leaf_light_up"
"Metabolism","Carbohydrate metabolism","sly00053","Ascorbate and aldarate metabolism","6/142","66/11892",0.0909090909090909,7.61331626120358,5.92252293030219,0.000131490325206157,0.00100410793793792,0.000729802761909768,"101256514/100316902/544280/101055572/101253411/544013",6,"leaf_light_up"
"Metabolism","Carbohydrate metabolism","sly00010","Glycolysis / Gluconeogenesis","8/142","133/11892",0.0601503759398496,5.03738218786403,5.14724590075419,0.000189429995278603,0.00129581966124874,0.000941823813940186,"101256514/101264273/101249787/101265715/101246870/101268121/101266629/101250853",8,"leaf_light_up"
"Metabolism","Global and overview maps","sly01240","Biosynthesis of cofactors","11/142","250/11892",0.044,3.68484507042253,4.71639168467875,0.000200543519002781,0.00129581966124874,0.000941823813940186,"101256514/100316902/544280/101055572/101246910/101259471/543790/101248935/544013/544179/101264098",11,"leaf_light_up"
"Metabolism","Metabolism of terpenoids and polyketides","sly00902","Monoterpenoid biosynthesis","3/142","16/11892",0.1875,15.7024647887324,6.46918354612777,0.000832917694879662,0.00499750616927797,0.00363227265436244,"543602/101251042/101260280",3,"leaf_light_up"
"Metabolism","Lipid metabolism","sly00073","Cutin, suberine and wax biosynthesis","4/142","41/11892",0.0975609756097561,8.17038818275507,5.05581909018751,0.00140057169504466,0.0078432014922501,0.00570057251316423,"101245281/101250470/101251368/101267893",4,"leaf_light_up"
"Metabolism","Global and overview maps","sly01230","Biosynthesis of amino acids","9/142","226/11892",0.0398230088495575,3.3350367692883,3.8960218661578,0.00154723290969746,0.00812297277591165,0.00590391505016135,"101245503/101249787/101265236/101246870/101268121/101244614/101244195/101251315/101250853",9,"leaf_light_up"
"Environmental Information Processing","Signal transduction","sly04070","Phosphatidylinositol signaling system","5/142","74/11892",0.0675675675675676,5.65854586981348,4.41904751807572,0.00188215349930095,0.00930005258478117,0.00675943671575574,"101262540/544280/100301920/101262094/544013",5,"leaf_light_up"
"Metabolism","Amino acid metabolism","sly00270","Cysteine and methionine metabolism","6/142","118/11892",0.0508474576271186,4.25829553592743,3.91024428325365,0.0028758188613416,0.0134204880195941,0.00975423941273757,"101245503/101255136/544285/543894/543506/101248619",6,"leaf_light_up"
"Metabolism","Metabolism of cofactors and vitamins","sly00760","Nicotinate and nicotinamide metabolism","3/142","30/11892",0.1,8.37464788732394,4.44587640432928,0.00534505969960214,0.0236307902508726,0.0171752610845941,"101261528/101246910/101264098",3,"leaf_light_up"
"Metabolism","Lipid metabolism","sly00564","Glycerophospholipid metabolism","5/142","105/11892",0.0476190476190476,3.98792756539235,3.38062891035552,0.00841432667893062,0.0353401720515086,0.025685839335683,"101264846/101261812/101257780/101266950/101245304",5,"leaf_light_up"
"Metabolism","Metabolism of cofactors and vitamins","sly00750","Vitamin B6 metabolism","2/142","15/11892",0.133333333333333,11.1661971830986,4.33097033202459,0.0134270430171668,0.0537081720686672,0.0390360147867506,"543790/544179",2,"leaf_light_up"
"Metabolism","Amino acid metabolism","sly00250","Alanine, aspartate and glutamate metabolism","3/142","53/11892",0.0566037735849057,4.74036672867393,3.00005376663137,0.0252925218653539,0.0965714471222603,0.0701897735976328,"101265236/100147723/101264098",3,"leaf_light_up"
"Metabolism","Energy metabolism","sly00196","Photosynthesis - antenna proteins","9/238","29/11892",0.310344827586207,15.5068096203999,11.1772201906412,3.13010751981831e-09,3.78743009898016e-07,2.33934351481158e-07,"101265617/101253380/101256131/101243766/101267774/101256006/543976/101268123/101268669",9,"leaf_light_down"
"Organismal Systems","Environmental adaptation","sly04626","Plant-pathogen interaction","20/238","237/11892",0.0843881856540084,4.21657270503138,7.14778642898169,5.73560289262453e-08,2.60625790469459e-06,1.60978087197317e-06,"101267093/101246151/101259138/543880/101258272/101265819/101245711/543900/101253669/101251928/101265895/101256979/543942/101255501/101264342/101256200/778272/101268787/101255201/544144",20,"leaf_light_down"
"Metabolism","Metabolism of cofactors and vitamins","sly00860","Porphyrin metabolism","10/238","52/11892",0.192307692307692,9.60892049127343,8.8906738506119,6.46179645792048e-08,2.60625790469459e-06,1.60978087197317e-06,"101250511/101248079/101258872/543647/101265579/101258376/101262299/101244717/101259974/101246744",10,"leaf_light_down"
"Metabolism","Biosynthesis of other secondary metabolites","sly00940","Phenylpropanoid biosynthesis","15/238","179/11892",0.0837988826815642,4.18712736491245,6.13976889447011,3.00312136598524e-06,9.08444213210534e-05,5.61109518381452e-05,"101243656/101245610/101266812/101249824/544293/101265690/101254287/101252173/112940333/112940337/138339191/138339192/101243631/101244220/101265977",15,"leaf_light_down"
"Metabolism","Amino acid metabolism","sly00360","Phenylalanine metabolism","8/238","60/11892",0.133333333333333,6.66218487394958,6.28334275679321,2.38584246861587e-05,0.000577373877405041,0.000356620663729951,"101243656/101249824/778256/101264847/778254/101243631/101244220/101265757",8,"leaf_light_down"
"Organismal Systems","Environmental adaptation","sly04712","Circadian rhythm - plant","7/238","47/11892",0.148936170212766,7.44180225281602,6.32337512671647,3.74285911623981e-05,0.000754809921775028,0.000466215784654432,"101255788/101258346/101268174/101250283/101249698/101262866/101249224",7,"leaf_light_down"
"Metabolism","Global and overview maps","sly01232","Nucleotide metabolism","9/238","84/11892",0.107142857142857,5.35354141656663,5.72208509943704,4.41879784280185e-05,0.000763820769970033,0.000471781423817942,"101250072/101248507/101253028/543715/101249065/101244800/101257500/101249548/101261826",9,"leaf_light_down"
"Metabolism","Global and overview maps","sly01240","Biosynthesis of cofactors","15/238","250/11892",0.06,2.99798319327731,4.56255590341195,0.000152482040373461,0.0023062908606486,0.00142450327190997,"101251855/101250104/101250511/101259725/101246429/544238/101264726/101251311/101267438/101257192/100191133/101254971/101259974/101265590/101246744",15,"leaf_light_down"
"Metabolism","Nucleotide metabolism","sly00240","Pyrimidine metabolism","7/238","66/11892",0.106060606060606,5.29946524064171,5.00527143142798,0.000335780124933337,0.00451437723521486,0.00278834957546982,"101250072/101253028/543715/101249065/101257500/101249548/101261826",7,"leaf_light_down"
"Metabolism","Carbohydrate metabolism","sly00630","Glyoxylate and dicarboxylate metabolism","7/238","81/11892",0.0864197530864197,4.31808278867102,4.28199892265081,0.00116372722417795,0.0140810994125532,0.00869732978069839,"100134875/101247011/101259725/101248455/101246429/544276/543990",7,"leaf_light_down"
"Environmental Information Processing","Signal transduction","sly04016","MAPK signaling pathway - plant","11/238","193/11892",0.0569948186528497,2.84782514041886,3.69849739197795,0.00174153816598854,0.019156919825874,0.011832460266525,"543880/101258272/101244003/101266437/101251928/101255501/101261835/101264342/101268787/101251432/543990",11,"leaf_light_down"
"Metabolism","Global and overview maps","sly01230","Biosynthesis of amino acids","12/238","226/11892",0.0530973451327434,2.65308247192682,3.5854850474525,0.00198719945924089,0.0200375945473456,0.0123764176847459,"101251907/101259725/543983/101247331/101265030/101248455/101250390/101246902/101259361/101252944/101247833/101256147",12,"leaf_light_down"
"Metabolism","Amino acid metabolism","sly00260","Glycine, serine and threonine metabolism","6/238","67/11892",0.0895522388059701,4.47460178101091,4.07569827677202,0.00217362580390787,0.0202314401748348,0.0124961483463529,"101247011/101259725/543983/100301929/101246429/101253497",6,"leaf_light_down"
"Metabolism","Carbohydrate metabolism","sly00650","Butanoate metabolism","4/238","29/11892",0.137931034482759,6.89191538684439,4.53960845607148,0.00250691746868435,0.0216669295507719,0.0133827925019992,"100134904/544258/100147722/101252944",4,"leaf_light_down"
"Metabolism","Amino acid metabolism","sly00400","Phenylalanine, tyrosine and tryptophan biosynthesis","5/238","49/11892",0.102040816326531,5.0986108729206,4.10831773588991,0.00286512424737206,0.0231120022621346,0.0142753558991871,"101247331/101265030/101250390/101259361/101247833",5,"leaf_light_down"
"Metabolism","Nucleotide metabolism","sly00230","Purine metabolism","7/238","96/11892",0.0729166666666667,3.64338235294118,3.71610846955255,0.00309967666978985,0.0234413048152857,0.0144787528654657,"101250072/101248507/101249065/101251456/101244800/101246124/101261826",7,"leaf_light_down"
"Metabolism","Amino acid metabolism","sly00250","Alanine, aspartate and glutamate metabolism","5/238","53/11892",0.0943396226415094,4.71381005232282,3.87222222350859,0.00404226517908586,0.0287714168629053,0.0177709490845261,"101252088/101247011/101257275/544258/100147722",5,"leaf_light_down"
"Metabolism","Carbohydrate metabolism","sly00520","Amino sugar and nucleotide sugar metabolism","8/238","133/11892",0.0601503759398496,3.00549693561635,3.32370743986661,0.0052516906326388,0.0336346564810302,0.0207747769478307,"101251855/101267552/101267862/101253853/101253788/101266745/543517/543515",8,"leaf_light_down"
"Cellular Processes","Cell motility","sly04814","Motor proteins","6/238","80/11892",0.075,3.74747899159664,3.52352872093673,0.00528147498462458,0.0336346564810302,0.0207747769478307,"778227/101255154/101259004/101259860/101255463/101257270",6,"leaf_light_down"
"Metabolism","Carbohydrate metabolism","sly00620","Pyruvate metabolism","7/238","109/11892",0.0642201834862385,3.20885051268214,3.31063877008106,0.00623297464664712,0.0377094966122151,0.0232916421006287,"101251907/101250104/543522/101246429/101267438/101256147/544074",7,"leaf_light_down"
"Metabolism","Metabolism of cofactors and vitamins","sly00670","One carbon pool by folate","4/238","40/11892",0.1,4.99663865546218,3.61817209659743,0.00812803257556757,0.0468329496020798,0.0289268327250776,"101259725/100301929/101246429/101253497",4,"leaf_light_down"
"Metabolism","Global and overview maps","sly01210","2-Oxocarboxylic acid metabolism","6/238","89/11892",0.0674157303370786,3.36852044188462,3.20505951437897,0.00880943623813288,0.0484518993097308,0.0299267929620782,"101251907/101247011/101248455/101246429/101252944/778303",6,"leaf_light_down"
"Metabolism","Carbohydrate metabolism","sly00052","Galactose metabolism","5/238","66/11892",0.0757575757575758,3.78533231474408,3.24257633954982,0.0102160036352258,0.0504785304320105,0.0311785616413462,"101266532/101249542/101249166/101266745/101263843",5,"leaf_light_down"
"Metabolism","Metabolism of cofactors and vitamins","sly00730","Thiamine metabolism","3/238","23/11892",0.130434782608696,6.51735476799415,3.78484348207463,0.0104294484363658,0.0504785304320105,0.0311785616413462,"101264726/101257192/544220",3,"leaf_light_down"
"Metabolism","Biosynthesis of other secondary metabolites","sly00945","Stilbenoid, diarylheptanoid and gingerol biosynthesis","3/238","23/11892",0.130434782608696,6.51735476799415,3.78484348207463,0.0104294484363658,0.0504785304320105,0.0311785616413462,"101265690/101252173/101265977",3,"leaf_light_down"
"Metabolism","Amino acid metabolism","sly00280","Valine, leucine and isoleucine degradation","5/238","67/11892",0.0746268656716418,3.72883481750909,3.20091569172035,0.0108645824925901,0.0505620954462849,0.0312301763957045,"101250104/101247011/101246429/100134904/778303",5,"leaf_light_down"
"Metabolism","Glycan biosynthesis and metabolism","sly00603","Glycosphingolipid biosynthesis - globo and isoglobo series","2/238","9/11892",0.222222222222222,11.1036414565826,4.33307587189394,0.0130875091138074,0.0586514297322482,0.0362266334144377,"101249542/101253853",2,"leaf_light_down"
"Metabolism","Global and overview maps","sly01200","Carbon metabolism","12/238","290/11892",0.0413793103448276,2.06757461605332,2.63021329404982,0.0138960626447503,0.0593250551143433,0.0366427047683199,"100134875/101252088/101247011/101259725/543983/543522/101248455/101246429/544276/101258470/101256147/543990",12,"leaf_light_down"
"Metabolism","Amino acid metabolism","sly00290","Valine, leucine and isoleucine biosynthesis","3/238","26/11892",0.115384615384615,5.76535229476406,3.4760793045167,0.0146540371660941,0.0593250551143433,0.0366427047683199,"101251907/543983/101252944",3,"leaf_light_down"
"Environmental Information Processing","Signal transduction","sly04075","Plant hormone signal transduction","16/238","437/11892",0.0366132723112128,1.82943291733169,2.5245536238748,0.0147086913506636,0.0593250551143433,0.0366427047683199,"543880/101258272/101055543/101244003/101250310/101055553/101262636/543544/101253938/778240/101055555/101260141/101261835/101262579/101256200/101251432",16,"leaf_light_down"
"Metabolism","Biosynthesis of other secondary metabolites","sly00996","Biosynthesis of various alkaloids","2/238","10/11892",0.2,9.99327731092437,4.06568167638307,0.0161453795934187,0.0630190622839892,0.0389243446904153,"544002/101255011",2,"leaf_light_down"
"Cellular Processes","Transport and catabolism","sly04142","Lysosome biogenesis","9/238","196/11892",0.0459183673469388,2.29437489281427,2.61113663058674,0.0171431241712964,0.0637007652846713,0.0393454052649992,"101263441/101263188/101252505/778274/101253853/101251744/101262324/544144/101257955",9,"leaf_light_down"
"Metabolism","Carbohydrate metabolism","sly00010","Glycolysis / Gluconeogenesis","7/238","133/11892",0.0526315789473684,2.62980981866431,2.70108167390313,0.0174519838960406,0.0637007652846713,0.0393454052649992,"101250104/101246429/101267438/101249166/101246495/101256147/544074",7,"leaf_light_down"
"Metabolism","Lipid metabolism","sly00564","Glycerophospholipid metabolism","6/238","105/11892",0.0571428571428571,2.85522208883553,2.72865780697061,0.0187831005987033,0.0637007652846713,0.0393454052649992,"544181/101247110/101262912/101252788/101257014/101246124",6,"leaf_light_down"
"Environmental Information Processing","Membrane transport","sly02010","ABC transporters","5/238","77/11892",0.0649350649350649,3.24457055549493,2.82372190129588,0.0189486134575697,0.0637007652846713,0.0393454052649992,"101260177/101258034/101261754/101247843/101261234",5,"leaf_light_down"
"Metabolism","Glycan biosynthesis and metabolism","sly00531","Glycosaminoglycan degradation","2/238","11/11892",0.181818181818182,9.08479755538579,3.83353255245707,0.0194755297370116,0.0637007652846713,0.0393454052649992,"101258638/101253853",2,"leaf_light_down"
"Metabolism","Lipid metabolism","sly00561","Glycerolipid metabolism","5/238","78/11892",0.0641025641025641,3.20297349709114,2.78944788338501,0.0199269113093813,0.0637007652846713,0.0393454052649992,"101250104/101249542/101267438/101251763/101257014",5,"leaf_light_down"
"Metabolism","Lipid metabolism","sly00592","alpha-Linolenic acid metabolism","4/238","52/11892",0.0769230769230769,3.84356819650937,2.93663269776556,0.0200051990150207,0.0637007652846713,0.0393454052649992,"101246396/101252788/543895/544074",4,"leaf_light_down"
"Metabolism","Metabolism of cofactors and vitamins","sly00760","Nicotinate and nicotinamide metabolism","3/238","30/11892",0.1,4.99663865546218,3.13210788801836,0.0215869517042307,0.0669749014413311,0.0413677077193085,"101257500/101261826/101265590",3,"leaf_light_down"
"Metabolism","Amino acid metabolism","sly00380","Tryptophan metabolism","4/238","57/11892",0.0701754385964912,3.50641309155241,2.71060420804204,0.027033560799443,0.0817765214183151,0.0505100741252751,"101250104/100736505/101246429/543990",4,"leaf_light_down"
"Metabolism","Lipid metabolism","sly01040","Biosynthesis of unsaturated fatty acids","3/238","34/11892",0.0882352941176471,4.4087988136431,2.84443010678508,0.0300224448715495,0.0886028251087193,0.0547264078531455,"101263911/112941338/101262991",3,"leaf_light_down"
"Metabolism","Glycan biosynthesis and metabolism","sly00511","Other glycan degradation","2/238","14/11892",0.142857142857143,7.13805522208883,3.28384999045638,0.0309812080236331,0.0892553850204668,0.0551294679117281,"100500729/101253853",2,"leaf_light_down"
"Metabolism","Lipid metabolism","sly00062","Fatty acid elongation","3/238","35/11892",0.0857142857142857,4.2828331332533,2.779428980556,0.0323652113462219,0.0910741993696012,0.0562528765136293,"101246151/101263911/101262991",3,"leaf_light_down"
"Metabolism","Global and overview maps","sly01240","Biosynthesis of cofactors","38/489","250/11892",0.152,3.69649079754601,8.9229653455795,2.17205172082273e-12,3.1060339607765e-10,1.39468584179144e-10,"101246176/101251855/101257178/101260673/101252237/101247015/101250104/101244420/101250511/101265950/101259725/778225/101264576/101252316/101263546/101246429/101258052/101263635/544238/101267455/101264726/101251311/101257192/101264818/101248982/101266461/543912/100191133/101254971/101252440/101259343/101267587/101259974/101265590/101253795/101256030/101246744/101249464",38,"leaf_int_pos"
"Metabolism","Global and overview maps","sly01230","Biosynthesis of amino acids","35/489","226/11892",0.154867256637168,3.7662196644769,8.69428665081617,9.64011037107969e-12,6.89267891532198e-10,3.09498280334664e-10,"101257271/101251907/101268602/101259725/543983/101247331/101260521/101265030/101248455/101247891/101244415/101264707/101250390/101254008/101253940/101245573/543977/101252192/101246902/544153/544152/101264818/101244621/101264432/101259361/101258500/101267392/101253321/101243843/544154/101252944/101251252/101247914/101247833/101256147",35,"leaf_int_pos"
"Organismal Systems","Environmental adaptation","sly04626","Plant-pathogen interaction","34/489","237/11892",0.143459915611814,3.48880432813026,8.01424923437914,1.64041843495326e-10,7.8193278732772e-09,3.51107103621575e-09,"101260188/101267093/101246151/101256687/101249692/101262447/101259138/543880/543603/101245247/101258272/101251639/100316879/101265819/101245711/543900/100736531/101256434/100736467/101055527/544043/778199/101251928/101252097/101265895/101260402/101256979/101255501/101256200/778272/101268787/101249560/101255201/544144",34,"leaf_int_pos"
"Metabolism","Amino acid metabolism","sly00400","Phenylalanine, tyrosine and tryptophan biosynthesis","15/489","49/11892",0.306122448979592,7.4445974708902,9.36088756424155,5.69633704192266e-10,2.03644049248735e-08,9.14411998834953e-09,"101257271/101247331/101265030/101249935/101250390/543977/544153/544152/101264432/101259361/101258500/101243843/544154/101251252/101247833",15,"leaf_int_pos"
"Metabolism","Metabolism of cofactors and vitamins","sly00860","Porphyrin metabolism","15/489","52/11892",0.288461538461538,7.01510146295422,9.00166476217036,1.44555998935405e-09,4.1343015695526e-08,1.85640335474942e-08,"101260673/101244420/101250511/101248079/101258872/543647/101258376/101262299/101244717/101255435/101252440/101259974/101248868/778267/101246744",15,"leaf_int_pos"
"Metabolism","Global and overview maps","sly01212","Fatty acid metabolism","16/489","88/11892",0.181818181818182,4.42163970998327,6.67137065204219,4.90446282356741e-07,1.16889697295023e-05,5.24863565329144e-06,"101263911/101252237/112941338/101256767/101262991/101256513/101249057/101251311/101266461/101255474/101263745/101262830/101263592/101264960/101249116/101249464",16,"leaf_int_pos"
"Metabolism","Biosynthesis of other secondary metabolites","sly00940","Phenylpropanoid biosynthesis","23/489","179/11892",0.128491620111732,3.12479007437365,5.93147261646537,1.16903856593272e-06,2.38817878469112e-05,1.07235116574279e-05,"101244682/101243656/101266812/101249824/101261765/544293/101264425/101265690/101254287/101252173/112940333/112940337/138339191/138339192/101248210/101248236/101243631/101249418/101244220/101265977/101262063/101265187/101247788",23,"leaf_int_pos"
"Metabolism","Carbohydrate metabolism","sly00650","Butanoate metabolism","9/489","29/11892",0.310344827586207,7.54728157393696,7.30999044692075,1.49841249692484e-06,2.67841233825315e-05,1.20267318832125e-05,"101249394/101259235/101247891/100134904/544258/101263745/100147722/101262830/101252944",9,"leaf_int_pos"
"Metabolism","Nucleotide metabolism","sly00240","Pyrimidine metabolism","13/489","66/11892",0.196969696969697,4.79010968581521,6.39379733154936,2.2737134628007e-06,3.61267805756111e-05,1.62218153486366e-05,"101253028/101249065/101261880/101258052/101252471/101267455/101257500/101255656/101263997/101261826/101259343/101267587/101250906",13,"leaf_int_pos"
"Environmental Information Processing","Signal transduction","sly04016","MAPK signaling pathway - plant","22/489","193/11892",0.113989637305699,2.77211608760609,5.13985076133742,1.42724838140375e-05,0.000204096518540736,9.16443697532935e-05,"544148/543880/543603/101258272/101251639/101268417/101244003/101251136/101266437/101244245/100736531/101256434/100736467/101263741/101251928/101256856/101255501/101261835/101263483/101268787/101251432/543990",22,"leaf_int_pos"
"Metabolism","Metabolism of terpenoids and polyketides","sly00900","Terpenoid backbone biosynthesis","11/489","57/11892",0.192982456140351,4.69314390270154,5.78766764380019,1.6841887556276e-05,0.000218944538231588,9.83114967399844e-05,"101246365/100134900/101249394/543552/101261961/100134904/101262299/100134905/100316901/101262830/544220",11,"leaf_int_pos"
"Metabolism","Carbohydrate metabolism","sly00520","Amino sugar and nucleotide sugar metabolism","17/489","133/11892",0.12781954887218,3.10844596152959,5.06357395064605,3.10433248315446e-05,0.000369932954242573,0.000166109018835458,"101258221/101251855/544148/543968/101267287/101267552/101251136/101267862/101246662/544022/100529104/101253853/101248982/101260589/101266745/543517/543515",17,"leaf_int_pos"
"Metabolism","Metabolism of other amino acids","sly00480","Glutathione metabolism","15/489","112/11892",0.133928571428571,3.25701139351446,4.96963135878085,5.2186529893808e-05,0.000574051828831888,0.000257763427005854,"101266195/101261142/101268602/101253468/101249065/101260846/101263001/101263997/101258470/101263185/101265571/100301935/101256964/543836/101250409",15,"leaf_int_pos"
"Cellular Processes","Transport and catabolism","sly04142","Lysosome biogenesis","21/489","196/11892",0.107142857142857,2.60560911481157,4.69356933442004,5.62622351302426e-05,0.000574678544544621,0.000258044837815398,"101254245/101252061/101261275/101265277/101260420/101252505/778274/101252196/101253944/101260946/100529104/101253853/101262006/101251744/101264960/101262324/543861/101264594/101263813/544144/101257955",21,"leaf_int_pos"
"Metabolism","Global and overview maps","sly01210","2-Oxocarboxylic acid metabolism","13/489","89/11892",0.146067415730337,3.55221617150341,5.00461084689519,6.59348642475948e-05,0.00061775826263812,0.000277388693565884,"101251907/101268602/101247011/101248455/101246429/101247891/101264707/101254008/101245573/101258692/101254327/101252944/101247914",13,"leaf_int_pos"
NA,NA,"sly01310","Nitrogen cycle","3/489","3/11892",1,24.319018404908,8.3647369104663,6.91198056098596e-05,0.00061775826263812,0.000277388693565884,"778326/778325/100736473",3,"leaf_int_pos"
"Metabolism","Amino acid metabolism","sly00280","Valine, leucine and isoleucine degradation","11/489","67/11892",0.164179104477612,3.99267466349235,5.08686708926601,8.09158267744065e-05,0.000680644895808243,0.000305626342615405,"101250104/101247011/101249394/101246429/543993/100134904/101258692/101254327/101263745/101245553/101262830",11,"leaf_int_pos"
"Metabolism","Carbohydrate metabolism","sly00630","Glyoxylate and dicarboxylate metabolism","12/489","81/11892",0.148148148148148,3.60281754146785,4.86739909032436,0.000108858464601027,0.00086482002433038,0.000388325516997815,"100134875/101247011/101259725/101248455/101265548/101246429/101264442/101254008/544276/101264818/101262830/543990",12,"leaf_int_pos"
"Metabolism","Energy metabolism","sly00196","Photosynthesis - antenna proteins","7/489","29/11892",0.241379310344828,5.87010789083986,5.4374386919953,0.000135058140584624,0.00101649021597901,0.000456429173166872,"101253380/101243766/101267774/101256006/543976/101268123/101268669",7,"leaf_int_pos"
"Metabolism","Amino acid metabolism","sly00360","Phenylalanine metabolism","10/489","60/11892",0.166666666666667,4.05316973415133,4.90966149810766,0.000149287809630673,0.0010348340785533,0.000464666019814141,"101243656/101249824/543808/101264847/101249935/101263745/778254/101243631/101244220/101265757",10,"leaf_int_pos"
"Metabolism","Global and overview maps","sly01232","Nucleotide metabolism","12/489","84/11892",0.142857142857143,3.47414548641542,4.71227645724439,0.000155536360964707,0.0010348340785533,0.000464666019814141,"101248507/101253028/101249065/101252471/101267455/101252457/101257500/101263997/101261826/101267587/101253795/101250906",12,"leaf_int_pos"
"Metabolism","Global and overview maps","sly01200","Carbon metabolism","26/489","290/11892",0.0896551724137931,2.18032578802623,4.21394168345496,0.000159205242854353,0.0010348340785533,0.000464666019814141,"101260311/100134875/101268602/101252088/101247011/101265950/101259725/543983/543522/101248455/101246429/101256513/101264442/101244415/101254008/544276/101253940/101263001/101264818/101258470/101262830/101267392/101264118/101256147/543990/101251366",26,"leaf_int_pos"
"Metabolism","Carbohydrate metabolism","sly00500","Starch and sucrose metabolism","17/489","154/11892",0.11038961038961,2.68456696677556,4.35718143973347,0.000197073377500913,0.00122528230359263,0.000550181969224516,"101248295/543968/100135703/101267287/101254891/101244113/101262611/544022/101252851/101250336/543502/101247513/101247646/101267720/101252138/101254703/543698",17,"leaf_int_pos"
"Metabolism","Biosynthesis of other secondary metabolites","sly00945","Stilbenoid, diarylheptanoid and gingerol biosynthesis","6/489","23/11892",0.260869565217391,6.34409175780208,5.31232719859492,0.000260228456298516,0.00155052788544532,0.00069622525588638,"101261765/101265690/101252173/101265977/101262063/101265187",6,"leaf_int_pos"
"Metabolism","Carbohydrate metabolism","sly00052","Galactose metabolism","10/489","66/11892",0.151515151515152,3.68469975831939,4.52900511428382,0.000335086938499219,0.00191669728821553,0.000860644347303258,"101266532/101267287/101254891/101253766/101249542/543502/101249166/101266745/101252138/101254703",10,"leaf_int_pos"
"Metabolism","Lipid metabolism","sly00600","Sphingolipid metabolism","7/489","34/11892",0.205882352941176,5.00685673042223,4.84497573703006,0.000389529717790637,0.00209372006769935,0.000940131940593746,"101265235/101249542/100529104/101253853/543781/778364/543709",7,"leaf_int_pos"
"Metabolism","Global and overview maps","sly01250","Biosynthesis of nucleotide sugars","13/489","106/11892",0.122641509433962,2.98252112513022,4.24562463825029,0.000395317775020157,0.00209372006769935,0.000940131940593746,"101251855/101252064/543968/101267287/101267552/101267862/101246662/544022/543766/101248982/101260589/101249670/101266745",13,"leaf_int_pos"
"Metabolism","Carbohydrate metabolism","sly00620","Pyruvate metabolism","13/489","109/11892",0.119266055045872,2.90043338774132,4.12754691981419,0.000519370540569525,0.00259682281665894,0.00116603748116448,"101260311/101251907/101250104/543522/101246429/101256513/101264442/101249371/101262949/101260960/101262830/101256147/101251366",13,"leaf_int_pos"
"Metabolism","Amino acid metabolism","sly00290","Valine, leucine and isoleucine biosynthesis","6/489","26/11892",0.230769230769231,5.61208117036338,4.87512214148496,0.000534376238321167,0.00259682281665894,0.00116603748116448,"101251907/543983/101247891/101264707/101252944/101247914",6,"leaf_int_pos"
"Environmental Information Processing","Signal transduction","sly04075","Plant hormone signal transduction","33/489","437/11892",0.0755148741418764,1.8364476141006,3.68923207121068,0.000554198291094797,0.00259682281665894,0.00116603748116448,"101260188/101257454/101265431/543880/101258272/101251639/101255681/101055543/101268417/101244003/101250310/100316879/101055553/101260711/100736531/101256434/543544/100736467/101260027/101253938/101055527/101246001/778240/101263741/101260141/101256856/543660/101264510/101247526/101261835/101262579/101256200/101251432",33,"leaf_int_pos"
"Metabolism","Energy metabolism","sly00910","Nitrogen metabolism","7/489","36/11892",0.194444444444444,4.72869802317655,4.63973765078562,0.000562947603611378,0.00259682281665894,0.00116603748116448,"101252088/778326/101259260/778325/100147727/543802/100736473",7,"leaf_int_pos"
"Organismal Systems","Environmental adaptation","sly04712","Circadian rhythm - plant","8/489","47/11892",0.170212765957447,4.13940738806944,4.46563403729218,0.000589632676478719,0.00263492102301428,0.00118314451530269,"101255788/101258346/101268174/543596/101250283/101249698/101262866/101249224",8,"leaf_int_pos"
"Metabolism","Glycan biosynthesis and metabolism","sly00513","Various types of N-glycan biosynthesis","7/489","39/11892",0.179487179487179,4.36495202139374,4.35864094766346,0.000932459084698992,0.00404065603369563,0.00181435419989278,"101266287/101256652/100529104/101253853/101253606/101245405/101250991",7,"leaf_int_pos"
"Metabolism","Metabolism of other amino acids","sly00430","Taurine and hypotaurine metabolism","4/489","12/11892",0.333333333333333,8.10633946830266,5.10014366064387,0.00107390997409007,0.00433322671730967,0.00194572565149716,"101259235/100147722/101263185/101250409",4,"leaf_int_pos"
"Metabolism","Lipid metabolism","sly00590","Arachidonic acid metabolism","4/489","12/11892",0.333333333333333,8.10633946830266,5.10014366064387,0.00107390997409007,0.00433322671730967,0.00194572565149716,"101255254/101252788/101263185/101250409",4,"leaf_int_pos"
"Metabolism","Metabolism of cofactors and vitamins","sly00670","One carbon pool by folate","7/489","40/11892",0.175,4.2558282208589,4.27119809786863,0.00109088225051152,0.00433322671730967,0.00194572565149716,"101265950/101259725/100301929/101246429/101267455/101253497/101264818",7,"leaf_int_pos"
"Metabolism","Lipid metabolism","sly00592","alpha-Linolenic acid metabolism","8/489","52/11892",0.153846153846154,3.74138744690892,4.10251613082125,0.00117895488262507,0.00451090802190979,0.00202550893880381,"101255254/101246396/101263024/101252788/101249371/101260960/101263592/543895",8,"leaf_int_pos"
"Metabolism","Metabolism of cofactors and vitamins","sly00760","Nicotinate and nicotinamide metabolism","6/489","30/11892",0.2,4.8638036809816,4.3878399339735,0.00119870283099701,0.00451090802190979,0.00202550893880381,"101264576/101252316/101263635/101257500/101261826/101265590",6,"leaf_int_pos"
"Metabolism","Metabolism of other amino acids","sly00460","Cyanoamino acid metabolism","7/489","41/11892",0.170731707317073,4.15202753254526,4.18657126792014,0.00126968269077363,0.00465550319950332,0.00209043573919545,"101259725/101253940/101264818/101247513/101263185/101250409/543698",7,"leaf_int_pos"
"Metabolism","Amino acid metabolism","sly00260","Glycine, serine and threonine metabolism","9/489","67/11892",0.134328358208955,3.26673381558465,3.85293255805098,0.00159726446801381,0.00571022047314935,0.0025640298039169,"101247011/101259725/543983/543808/101260521/100301929/101246429/101253497/101264818",9,"leaf_int_pos"
"Metabolism","Nucleotide metabolism","sly00230","Purine metabolism","11/489","96/11892",0.114583333333333,2.78655419222904,3.63947286631889,0.00190395562908353,0.00664062573070596,0.00298180470793569,"101248507/101267287/101249065/101251456/101252471/101268249/101252457/101255944/101263997/101261826/101253795",11,"leaf_int_pos"
"Metabolism","Metabolism of cofactors and vitamins","sly00730","Thiamine metabolism","5/489","23/11892",0.217391304347826,5.28674313150173,4.26126330963908,0.00209467289643502,0.00713186248071925,0.00320238212236933,"101246176/101264726/101257192/544220/101253795",5,"leaf_int_pos"
"Metabolism","Energy metabolism","sly00920","Sulfur metabolism","6/489","35/11892",0.171428571428571,4.16897458369851,3.88793884586015,0.00275417980625305,0.00915924912312059,0.00411272871925179,"101254405/100301939/101249583/101244415/101253940/101251056",6,"leaf_int_pos"
"Metabolism","Lipid metabolism","sly00061","Fatty acid biosynthesis","7/489","49/11892",0.142857142857143,3.47414548641542,3.59373844844826,0.00365711191068334,0.0116962061431699,0.00525188498147489,"101252237/101256513/101249057/101251311/101266461/101249116/101249464",7,"leaf_int_pos"
"Metabolism","Biosynthesis of other secondary metabolites","sly00941","Flavonoid biosynthesis","6/489","37/11892",0.162162162162162,3.94362460620129,3.71352681650022,0.00368062431078773,0.0116962061431699,0.00525188498147489,"101261765/101265690/101252173/101265977/101262063/101265187",6,"leaf_int_pos"
"Metabolism","Glycan biosynthesis and metabolism","sly00510","N-Glycan biosynthesis","7/489","51/11892",0.137254901960784,3.33790448694815,3.46474852787201,0.00459395112656674,0.0142811958934575,0.00641260912404053,"101266287/101256652/101260885/101255206/101245405/101250991/101244199",7,"leaf_int_pos"
"Metabolism","Glycan biosynthesis and metabolism","sly00603","Glycosphingolipid biosynthesis - globo and isoglobo series","3/489","9/11892",0.333333333333333,8.10633946830266,4.41629639508497,0.00482133437015867,0.0143635586444311,0.00644959203025612,"101249542/100529104/101253853",3,"leaf_int_pos"
"Metabolism","Carbohydrate metabolism","sly00660","C5-Branched dibasic acid metabolism","3/489","9/11892",0.333333333333333,8.10633946830266,4.41629639508497,0.00482133437015867,0.0143635586444311,0.00644959203025612,"101247891/101252944/101247914",3,"leaf_int_pos"
"Metabolism","Carbohydrate metabolism","sly00640","Propanoate metabolism","7/489","52/11892",0.134615384615385,3.2737140160453,3.40263775491423,0.00512517276451322,0.014775723681367,0.00663466429564511,"101246429/101256513/101264442/544276/101258692/101254327/101263745",7,"leaf_int_pos"
"Metabolism","Metabolism of cofactors and vitamins","sly00790","Folate biosynthesis","5/489","28/11892",0.178571428571429,4.34268185801928,3.66701383017292,0.00516633695152693,0.014775723681367,0.00663466429564511,"101257178/544238/101267455/543912/100191133",5,"leaf_int_pos"
"Metabolism","Lipid metabolism","sly00591","Linoleic acid metabolism","4/489","18/11892",0.222222222222222,5.40422631220177,3.87223239923013,0.00545631930507309,0.0152990913848128,0.00686966930050482,"101255254/101263024/101263535/101252788",4,"leaf_int_pos"
"Metabolism","Amino acid metabolism","sly00250","Alanine, aspartate and glutamate metabolism","7/489","53/11892",0.132075471698113,3.21194582706332,3.34201941008181,0.00570123768614477,0.0156784036368981,0.00703998985536095,"101252088/101247011/101259235/101258052/544258/100147722/101259343",7,"leaf_int_pos"
"Metabolism","Amino acid metabolism","sly00220","Arginine biosynthesis","6/489","41/11892",0.146341463414634,3.55888074218166,3.39874461204378,0.00619982586846867,0.0167278320602079,0.00751120909586075,"101252088/101258052/101245573/101246902/101259343/778272",6,"leaf_int_pos"
"Metabolism","Metabolism of cofactors and vitamins","sly00780","Biotin metabolism","4/489","19/11892",0.210526315789474,5.11979334840168,3.72156882981094,0.00669020588822716,0.0177166563336386,0.0079552155785937,"101252237/101251311/101266461/101249464",4,"leaf_int_pos"
"Metabolism","Metabolism of cofactors and vitamins","sly00770","Pantothenate and CoA biosynthesis","6/489","42/11892",0.142857142857143,3.47414548641542,3.3261724396371,0.00698802753420767,0.0178831920472984,0.00802999422072285,"101250104/101261880/101247891/101264707/101264170/101252944",6,"leaf_int_pos"
"Metabolism","Lipid metabolism","sly00565","Ether lipid metabolism","5/489","30/11892",0.166666666666667,4.05316973415133,3.46726210512461,0.00700320807446649,0.0178831920472984,0.00802999422072285,"544181/101255254/101252788/101246303/101249665",5,"leaf_int_pos"
"Metabolism","Lipid metabolism","sly00071","Fatty acid degradation","7/489","57/11892",0.12280701754386,2.98654611990098,3.11319271709324,0.00849900818927544,0.0212933197014687,0.00956122562966204,"101250104/101249371/101260960/101263745/101262830/101263592/101251366",7,"leaf_int_pos"
"Metabolism","Carbohydrate metabolism","sly00010","Glycolysis / Gluconeogenesis","12/489","133/11892",0.0902255639097744,2.19419714931501,2.86794429999072,0.00863645134744883,0.0212933197014687,0.00956122562966204,"101250104/101267287/101246429/101245182/101264442/101253766/101249371/101260960/101267392/101249166/101256147/101251366",12,"leaf_int_pos"
"Metabolism","Glycan biosynthesis and metabolism","sly00531","Glycosaminoglycan degradation","3/489","11/11892",0.272727272727273,6.6324595649749,3.87009819350694,0.00890630445297079,0.021586466724997,0.00969285587210024,"101258638/100529104/101253853",3,"leaf_int_pos"
"Metabolism","Glycan biosynthesis and metabolism","sly00604","Glycosphingolipid biosynthesis - ganglio series","2/489","4/11892",0.5,12.159509202454,4.62247689514298,0.00958078892681504,0.0226958430611861,0.0101909932037714,"100529104/101253853",2,"leaf_int_pos"
"Cellular Processes","Cell motility","sly04820","Cytoskeleton in muscle cells","4/489","21/11892",0.19047619047619,4.63219398188723,3.44976162131561,0.00968144354358286,0.0226958430611861,0.0101909932037714,"101255674/101257855/101267392/101253787",4,"leaf_int_pos"
"Metabolism","Metabolism of other amino acids","sly00410","beta-Alanine metabolism","7/489","60/11892",0.116666666666667,2.83721881390593,2.95434687870055,0.011178574678439,0.0257828415970448,0.0115771316703698,"101250104/543808/101259235/101261880/101264170/101263745/100147722",7,"leaf_int_pos"
"Metabolism","Amino acid metabolism","sly00310","Lysine degradation","5/489","34/11892",0.147058823529412,3.57632623601588,3.11521947101302,0.0119565789420461,0.0267154810736342,0.0119959097938291,"101250104/101258606/101246429/101263745/101262830",5,"leaf_int_pos"
"Metabolism","Lipid metabolism","sly01040","Biosynthesis of unsaturated fatty acids","5/489","34/11892",0.147058823529412,3.57632623601588,3.11521947101302,0.0119565789420461,0.0267154810736342,0.0119959097938291,"101263911/112941338/101256767/101262991/101255474",5,"leaf_int_pos"
"Metabolism","Lipid metabolism","sly00062","Fatty acid elongation","5/489","35/11892",0.142857142857143,3.47414548641542,3.0354697056981,0.0134903121313449,0.0296786866889588,0.0133264621864298,"101246151/101263911/101262991/101260402/101264960",5,"leaf_int_pos"
"Metabolism","Lipid metabolism","sly00561","Glycerolipid metabolism","8/489","78/11892",0.102564102564103,2.49425829793928,2.74175441376687,0.0145505404012992,0.0315261708694817,0.0141560281416149,"101250104/101261177/101263085/101255254/101249542/101264840/101257014/101249665",8,"leaf_int_pos"
"Metabolism","Glycan biosynthesis and metabolism","sly00511","Other glycan degradation","3/489","14/11892",0.214285714285714,5.21121822962314,3.26478180884669,0.0179277257840538,0.0382636535390999,0.0171813240035708,"100500729/100529104/101253853",3,"leaf_int_pos"
"Metabolism","Carbohydrate metabolism","sly00053","Ascorbate and aldarate metabolism","7/489","66/11892",0.106060606060606,2.57928983082357,2.66421289701829,0.0182887605436079,0.0384601876137637,0.0172695726495369,"101251855/101250104/778288/101258916/101264360/101260589/101256030",7,"leaf_int_pos"
"Metabolism","Lipid metabolism","sly00100","Steroid biosynthesis","5/489","38/11892",0.131578947368421,3.19987084275105,2.8126168704847,0.0188710399438933,0.0391095465503876,0.0175611508249808,"101255254/101262546/100736446/543937/101264777",5,"leaf_int_pos"
"Metabolism","Glycan biosynthesis and metabolism","sly00541","Biosynthesis of various nucleotide sugars","4/489","26/11892",0.153846153846154,3.74138744690892,2.89773708379066,0.0205805774785479,0.0416600712451094,0.0187063993077046,"101252064/543766/101248982/101249670",4,"leaf_int_pos"
"Metabolism","Metabolism of terpenoids and polyketides","sly00906","Carotenoid biosynthesis","5/489","39/11892",0.128205128205128,3.1178228724241,2.74322766950555,0.0209373366101383,0.0416600712451094,0.0187063993077046,"101249565/543649/544162/543650/101250535",5,"leaf_int_pos"
"Metabolism","Amino acid metabolism","sly00350","Tyrosine metabolism","6/489","53/11892",0.113207547169811,2.75309642319713,2.64874582477832,0.0209757002073278,0.0416600712451094,0.0187063993077046,"543808/101249935/101249371/101260960/606710/101251366",6,"leaf_int_pos"
"Metabolism","Biosynthesis of other secondary metabolites","sly00960","Tropane, piperidine and pyridine alkaloid biosynthesis","5/489","40/11892",0.125,3.0398773006135,2.67603800177373,0.0231457644828722,0.0453403331650784,0.0203589276633771,"543808/101265978/101249935/101263402/101256174",5,"leaf_int_pos"
"Metabolism","Lipid metabolism","sly00564","Glycerophospholipid metabolism","9/489","105/11892",0.0857142857142857,2.08448729184926,2.31138096285321,0.0287451405729055,0.0551733605249979,0.0247741994260204,"544181/101247110/101261177/101255254/101262912/101252788/101257014/101246303/101249665",9,"leaf_int_pos"
"Metabolism","Amino acid metabolism","sly00380","Tryptophan metabolism","6/489","57/11892",0.105263157894737,2.55989667420084,2.4445739854165,0.0289370771984254,0.0551733605249979,0.0247741994260204,"101250104/100736505/101246429/101263745/101262830/543990",6,"leaf_int_pos"
"Environmental Information Processing","Signal transduction","sly04070","Phosphatidylinositol signaling system","7/489","74/11892",0.0945945945945946,2.30044768695075,2.32375753241294,0.0320307982828827,0.0602684757164766,0.0270620317902471,"101258272/101251639/101256434/101252196/101253180/101257014/100301921",7,"leaf_int_pos"
"Metabolism","Carbohydrate metabolism","sly00020","Citrate cycle (TCA cycle)","6/489","59/11892",0.101694915254237,2.47312051575335,2.3489345093324,0.0335734335073213,0.0623506622278823,0.0279969848796527,"101246135/101268602/101248455/101246429/101254008/101267503",6,"leaf_int_pos"
"Genetic Information Processing","Replication and repair","sly03440","Homologous recombination","6/489","60/11892",0.1,2.4319018404908,2.30257533889818,0.0360617511549749,0.0661132104507873,0.0296864618144868,"101261637/101243681/101252794/101255870/101268032/101248303",6,"leaf_int_pos"
"Environmental Information Processing","Membrane transport","sly02010","ABC transporters","7/489","77/11892",0.0909090909090909,2.21081985499163,2.20730369580029,0.0385971087201321,0.0698656524934037,0.0313714008251573,"100301924/101260177/101261754/101260345/101247843/101257771/101261234",7,"leaf_int_pos"
"Metabolism","Metabolism of cofactors and vitamins","sly00740","Riboflavin metabolism","3/489","20/11892",0.15,3.6478527607362,2.45414908868376,0.0468347327399979,0.0832950541752964,0.0374015333433425,"101263546/101260420/544238",3,"leaf_int_pos"
"Metabolism","Amino acid metabolism","sly00330","Arginine and proline metabolism","6/489","64/11892",0.09375,2.27990797546012,2.12601895034848,0.0471811146027902,0.0832950541752964,0.0374015333433425,"101250104/101244118/101262142/101264170/543807/778272",6,"leaf_int_pos"
"Metabolism","Glycan biosynthesis and metabolism","sly00563","Glycosylphosphatidylinositol (GPI)-anchor biosynthesis","4/489","34/11892",0.117647058823529,2.8610609888127,2.25034133800451,0.0494555648362845,0.0862456801413253,0.0387264371632009,"101258216/101251529/101255206/101246366",4,"leaf_int_pos"
"Metabolism","Amino acid metabolism","sly00270","Cysteine and methionine metabolism","9/489","118/11892",0.076271186440678,1.85484038681502,1.93249365663035,0.0540470186312167,0.0931171525814938,0.0418118977362615,"101247011/100301939/544052/101262142/101244415/101249935/101266369/101253940/543800",9,"leaf_int_pos"
"Environmental Information Processing","Signal transduction","sly04075","Plant hormone signal transduction","52/398","437/11892",0.118993135011442,3.5554431194876,10.1280192830431,8.11074191624596e-16,1.02195348144699e-13,6.5739697636941e-14,"101260391/543940/100736540/543588/778235/101247461/544204/101250433/778234/101258495/101263465/101268620/101245105/101248252/543601/101250851/544131/101258010/101248690/101055583/544243/100037508/101253625/543939/104649549/101246807/101247397/101245998/101268443/101263193/101055547/101256434/101267951/100736493/101267355/100301927/606299/101251993/101247936/100736477/101255303/101246226/101266575/543600/101268544/543679/100037510/543541/101245906/543712/101266334/101055552",52,"leaf_int_neg"
"Genetic Information Processing","Folding, sorting and degradation","sly04141","Protein processing in endoplasmic reticulum","31/398","219/11892",0.141552511415525,4.22950368279755,8.9759769360182,8.59281486438888e-12,5.413473364565e-10,3.48235128714707e-10,"101263702/101262751/101247772/101248401/101260872/101255164/100736433/543902/101260143/101259216/100134914/101256536/543958/101252869/101265499/101257809/101262499/101250189/101250739/101259708/101264411/101259229/101244060/101247033/543846/101258610/101055596/101254520/101247432/101252822/101244826",31,"leaf_int_neg"
"Environmental Information Processing","Signal transduction","sly04016","MAPK signaling pathway - plant","26/398","193/11892",0.134715025906736,4.02520373890176,7.88449789728412,1.29858800834882e-09,5.45406963506504e-08,3.50846584711786e-08,"543588/543571/778235/101247461/101250433/778234/101268620/101245105/544131/101256105/101248690/100736474/101246807/543948/101245998/101252056/101256434/606299/101265257/543679/100037510/101260252/104645860/101245906/543712/101259509",26,"leaf_int_neg"
"Metabolism","Carbohydrate metabolism","sly00010","Glycolysis / Gluconeogenesis","20/398","133/11892",0.150375939849624,4.49314240374806,7.53827618981814,1.64138664477201e-08,5.17036793103183e-07,3.32596767493276e-07,"101256514/101248497/101264273/101257775/101267346/101256649/101265664/101249787/101256813/101245938/101259587/101262732/101265715/101244492/101246870/101268121/104645747/101252968/101255458/101250853",20,"leaf_int_neg"
"Metabolism","Carbohydrate metabolism","sly00562","Inositol phosphate metabolism","14/398","77/11892",0.181818181818182,5.43261763362266,7.26112475629054,2.16552879071379e-07,5.37598878260481e-06,3.45823839816684e-06,"101262540/543809/101248857/544280/101258977/100301920/101246905/101255702/101254537/101265624/101244492/544226/544013/101246342",14,"leaf_int_neg"
"Metabolism","Lipid metabolism","sly00561","Glycerolipid metabolism","14/398","78/11892",0.179487179487179,5.36296868960186,7.19359599799168,2.55999465838324e-07,5.37598878260481e-06,3.45823839816684e-06,"101256514/101256961/101258305/101252422/101249508/101261812/101262422/101246362/101250748/104645747/101252968/101249534/101247974/101246145",14,"leaf_int_neg"
"Genetic Information Processing","Folding, sorting and degradation","sly04120","Ubiquitin mediated proteolysis","18/398","151/11892",0.119205298013245,3.56178242204399,5.89512882635775,2.88886976166803e-06,5.19996557100245e-05,3.34500709245772e-05,"101247803/543547/101248401/101260872/101266538/101265863/101248192/101262054/101250073/101265795/101265499/101250809/101250739/101244060/101243704/101261893/778329/101244826",18,"leaf_int_neg"
"Metabolism","Global and overview maps","sly01240","Biosynthesis of cofactors","24/398","250/11892",0.096,2.86842211055276,5.55579655398612,3.42438885393921e-06,5.39341244495425e-05,3.46944660201735e-05,"101256514/100316902/544280/101055572/101258773/101259471/101251220/101055607/101245223/543790/101251664/101248935/101257677/101254050/101248459/544013/104645747/101247506/544263/544179/101260252/101267963/101264098/101246036",24,"leaf_int_neg"
"Environmental Information Processing","Signal transduction","sly04070","Phosphatidylinositol signaling system","12/398","74/11892",0.162162162162162,4.84530761917697,6.17433351392549,5.61977467122931e-06,7.86768453972104e-05,5.06108362204277e-05,"101262540/101256961/544280/100301920/544131/101246905/101262422/101256434/101254537/101265624/544013/101246342",12,"leaf_int_neg"
"Metabolism","Amino acid metabolism","sly00330","Arginine and proline metabolism","11/398","64/11892",0.171875,5.13552135678392,6.17276475455345,7.74130783036244e-06,9.75404786625667e-05,6.27453371513587e-05,"544209/100134880/101252005/101263807/778202/543894/101244293/101260400/104645747/101252968/543944",11,"leaf_int_neg"
"Metabolism","Carbohydrate metabolism","sly00030","Pentose phosphate pathway","10/398","55/11892",0.181818181818182,5.43261763362266,6.13106499316469,1.19719528250329e-05,0.000137133277814013,8.82143892370844e-05,"101264273/101249787/101245938/101262732/101246870/101268121/101262942/101244195/101251315/101250853",10,"leaf_int_neg"
"Organismal Systems","Environmental adaptation","sly04712","Circadian rhythm - plant","9/398","47/11892",0.191489361702128,5.72158665668769,6.03510027551935,2.12113697574287e-05,0.000222719382453001,0.000143269778186141,"778294/543547/778295/101261662/778253/101267355/543733/101249991/101256107",9,"leaf_int_neg"
"Metabolism","Carbohydrate metabolism","sly00053","Ascorbate and aldarate metabolism","10/398","66/11892",0.151515151515152,4.52718136135222,5.34682476012978,6.22112925651539e-05,0.000602970989477645,0.000387876075102579,"101256514/101257790/100316902/544280/101055572/101253411/101257677/544013/104645747/101252968",10,"leaf_int_neg"
"Metabolism","Global and overview maps","sly01230","Biosynthesis of amino acids","20/398","226/11892",0.0884955752212389,2.64419442344466,4.64367197126014,7.17982993861233e-05,0.00064618469447511,0.00041567436486703,"101248497/101245503/101257775/101253958/101249787/101256813/101245938/101259587/101256422/101244293/101246870/101268121/101247506/101262942/543944/101247666/101252029/101244195/101251315/101250853",20,"leaf_int_neg"
"Metabolism","Global and overview maps","sly01200","Carbon metabolism","23/398","290/11892",0.0793103448275862,2.36974527811471,4.39427780630144,0.000114166504290024,0.000958998636036205,0.000616899707391711,"101248497/101264273/101245503/101257775/101267346/101256649/101253958/101249787/101256813/101245938/101259587/101262732/101265715/544164/100147724/101246870/101268121/101261166/101262942/101245149/101244195/101251315/101250853",23,"leaf_int_neg"
"Organismal Systems","Environmental adaptation","sly04626","Plant-pathogen interaction","20/398","237/11892",0.0843881856540084,2.52146809999364,4.40246603814831,0.000138165104984975,0.00108805020175667,0.000699915334463358,"101260391/101266086/543571/544006/101260537/101263465/543902/101260143/544131/544243/100736474/101252553/112940015/101256434/101266882/101244910/101266575/101266887/104645860/101259509",20,"leaf_int_neg"
"Metabolism","Lipid metabolism","sly00564","Glycerophospholipid metabolism","12/398","105/11892",0.114285714285714,3.41478822684853,4.62473856003279,0.000196477000027219,0.00145624129431939,0.000936763405702532,"101256961/101261789/101264846/101261241/101261812/101255745/101264154/101262422/101257780/101266950/101267193/101245304",12,"leaf_int_neg"
"Metabolism","Metabolism of terpenoids and polyketides","sly00906","Carotenoid biosynthesis","7/398","39/11892",0.179487179487179,5.36296868960186,5.07826531384199,0.000271567750045057,0.0019009742503154,0.00122284893295142,"544297/101266862/101265985/543988/544133/101266767/543964",7,"leaf_int_neg"
"Metabolism","Energy metabolism","sly00710","Carbon fixation by Calvin cycle","10/398","82/11892",0.121951219512195,3.64382890060056,4.47023600570906,0.000392151445834119,0.00260058327237363,0.00167288982433391,"101264273/101267346/101249787/101256813/544164/101246870/101261166/101245149/101251315/101250853",10,"leaf_int_neg"
"Metabolism","Carbohydrate metabolism","sly00051","Fructose and mannose metabolism","9/398","70/11892",0.128571428571429,3.84163675520459,4.43697756960753,0.000513599138071538,0.00323567456985069,0.00208142808586887,"101264273/101256649/101249787/101261972/101245938/101265391/101246870/101268121/101250853",9,"leaf_int_neg"
"Genetic Information Processing","Chromosome","sly03083","Polycomb repressive complex","8/398","61/11892",0.131147540983607,3.91860944064585,4.25250959745316,0.000914028547395172,0.00548417128437103,0.00352782948117435,"101256864/101260872/101251160/101265499/543534/101250739/101244060/101244826",8,"leaf_int_neg"
"Metabolism","Carbohydrate metabolism","sly00620","Pyruvate metabolism","11/398","109/11892",0.100917431192661,3.01535198930432,3.93324815573108,0.0010402246633479,0.00595765034462886,0.00383240665443961,"101256514/101257775/101267346/101259587/101266523/101265715/544164/104645747/101252968/101261166/101245149",11,"leaf_int_neg"
"Metabolism","Metabolism of cofactors and vitamins","sly00750","Vitamin B6 metabolism","4/398","15/11892",0.266666666666667,7.9678391959799,5.02464634706569,0.00125785570467266,0.00684988920843021,0.00440636147910715,"543790/101251664/544179/101246036",4,"leaf_int_neg"
"Metabolism","Biosynthesis of other secondary metabolites","sly00941","Flavonoid biosynthesis","6/398","37/11892",0.162162162162162,4.84530761917697,4.35909466494338,0.00130474080160575,0.00684988920843021,0.00440636147910715,"778294/100736482/101249699/778295/101266223/101249265",6,"leaf_int_neg"
"Genetic Information Processing","Replication and repair","sly03410","Base excision repair","7/398","52/11892",0.134615384615385,4.02222651720139,4.06413346484653,0.00162643617692153,0.00791479302862528,0.00509138732835544,"101246372/101255935/101248783/101246304/101256637/101266297/101258999",7,"leaf_int_neg"
"Metabolism","Metabolism of terpenoids and polyketides","sly00902","Monoterpenoid biosynthesis","4/398","16/11892",0.25,7.46984924623116,4.81874769176691,0.00163321125987506,0.00791479302862528,0.00509138732835544,"101259903/543602/101251042/101260280",4,"leaf_int_neg"
"Metabolism","Amino acid metabolism","sly00270","Cysteine and methionine metabolism","11/398","118/11892",0.0932203389830508,2.78536751554382,3.62678445584429,0.00198548104455701,0.00926557820793272,0.00596031346709122,"101245503/100134880/101253958/101255136/101263807/543920/543894/101260400/543506/101247506/101248619",11,"leaf_int_neg"
"Cellular Processes","Transport and catabolism","sly04145","Phagocytosis","12/398","139/11892",0.0863309352517986,2.57951628646831,3.48555764452254,0.00242548466487285,0.0109146809919278,0.00702113981936878,"101265829/543862/101265779/101256369/101246905/100736468/101263553/100736470/101247033/101244463/101265892/101253062",12,"leaf_int_neg"
"Cellular Processes","Transport and catabolism","sly04144","Endocytosis","13/398","167/11892",0.0778443113772455,2.3259410826588,3.2110063615221,0.0040288189283496,0.0175045236197259,0.0112602198723383,"101247772/101255164/100736433/101261084/101252768/100134914/101254537/101263553/101264627/101245162/101055596/101261621/101245304",13,"leaf_int_neg"
NA,NA,"sly04517","IgSF CAM signaling","6/398","47/11892",0.127659574468085,3.81439110445846,3.59733576124852,0.00455183869448859,0.0191177225168521,0.0122979501570394,"101265829/101265779/101252768/101262698/101245162/101244463",6,"leaf_int_neg"
"Metabolism","Nucleotide metabolism","sly00230","Purine metabolism","9/398","96/11892",0.09375,2.80119346733668,3.29718812428434,0.00478607661682244,0.0194530856038589,0.012513680797804,"101261528/101250287/101261672/101055607/101262942/101246321/101260252/101266317/101244195",9,"leaf_int_neg"
"Metabolism","Glycan biosynthesis and metabolism","sly00543","Exopolysaccharide biosynthesis","2/398","4/11892",0.5,14.9396984924623,5.1885273097179,0.0064102630893128,0.0249474732171564,0.0160480821864749,"101245503/101253958",2,"leaf_int_neg"
NA,NA,"sly00566","Sulfoquinovose metabolism","3/398","12/11892",0.25,7.46984924623116,4.17245530451282,0.00653386203306478,0.0249474732171564,0.0160480821864749,"101252422/101249508/101246145",3,"leaf_int_neg"
"Genetic Information Processing","Information processing in viruses","sly03250","Viral life cycle - HIV-1","5/398","38/11892",0.131578947368421,3.93149960327956,3.36793968884899,0.00827827449073907,0.030678311348033,0.0197345862472727,"778289/101264627/778290/101249513/101261621",5,"leaf_int_neg"
"Genetic Information Processing","Chromosome","sly03082","ATP-dependent chromatin remodeling","7/398","70/11892",0.1,2.98793969849246,3.10400118375029,0.00873110347034434,0.0314319724932396,0.0202193975102711,"101256864/101262690/101252026/101256806/543534/101253085/101247665",7,"leaf_int_neg"
"Metabolism","Lipid metabolism","sly00073","Cutin, suberine and wax biosynthesis","5/398","41/11892",0.121951219512195,3.64382890060056,3.15546163442997,0.011392800029053,0.0386047055699306,0.0248334363315343,"101245281/101250470/101250126/101259447/101249557",5,"leaf_int_neg"
"Metabolism","Lipid metabolism","sly00071","Fatty acid degradation","6/398","57/11892",0.105263157894737,3.14519968262364,3.02089861405709,0.0116426889814076,0.0386047055699306,0.0248334363315343,"101244443/101256710/101259447/104645747/101252968/101259379",6,"leaf_int_neg"
"Cellular Processes","Transport and catabolism","sly04148","Efferocytosis","6/398","57/11892",0.105263157894737,3.14519968262364,3.02089861405709,0.0116426889814076,0.0386047055699306,0.0248334363315343,"544209/101265779/101263553/101265892/543944/101248674",6,"leaf_int_neg"
"Metabolism","Metabolism of terpenoids and polyketides","sly00905","Brassinosteroid biosynthesis","3/398","15/11892",0.2,5.97587939698492,3.58820482681699,0.0125441795759102,0.039514165664117,0.0254184691406601,"100037489/101245605/101256342",3,"leaf_int_neg"
NA,NA,"sly03272","Virion - Hepatitis viruses","3/398","15/11892",0.2,5.97587939698492,3.58820482681699,0.0125441795759102,0.039514165664117,0.0254184691406601,"101256364/101264627/101261621",3,"leaf_int_neg"
"Cellular Processes","Transport and catabolism","sly04146","Peroxisome","8/398","94/11892",0.0851063829787234,2.54292740297231,2.79460448957873,0.0133459894892589,0.0410145042840638,0.0263835992470586,"101244443/101246234/101249855/101250126/101256386/101254098/101249557/101259379",8,"leaf_int_neg"
"Metabolism","Carbohydrate metabolism","sly00500","Starch and sucrose metabolism","11/398","154/11892",0.0714285714285714,2.13424264178033,2.63623673549158,0.0144063236027916,0.0432189708083748,0.0278016771281943,"101245612/544283/101256510/101256649/104645804/543710/101055573/101248935/544032/101253328/100191117",11,"leaf_int_neg"
"Genetic Information Processing","Folding, sorting and degradation","sly03018","RNA degradation","9/398","116/11892",0.0775862068965517,2.31822907641657,2.65482630433086,0.0157629433345877,0.0461890897711176,0.0297122799697248,"101267273/101256419/101244756/101245938/101252182/101268121/101253419/101251877/101255746",9,"leaf_int_neg"
"Metabolism","Global and overview maps","sly01232","Nucleotide metabolism","7/398","84/11892",0.0833333333333333,2.48994974874372,2.54998849664865,0.0222322108427562,0.0636362565261416,0.0409356036133075,"101261528/101261672/101259471/101055607/101266563/101246321/101260252",7,"leaf_int_neg"
"Metabolism","Carbohydrate metabolism","sly00052","Galactose metabolism","6/398","66/11892",0.0909090909090909,2.71630881681133,2.60173819761787,0.022727234473622,0.0636362565261416,0.0409356036133075,"101256649/101245938/101244339/101248935/101268121/101253328",6,"leaf_int_neg"
"Genetic Information Processing","Translation","sly03013","Nucleocytoplasmic transport","8/398","106/11892",0.0754716981132075,2.25504882905091,2.41515754770455,0.0256859826333094,0.0703572567781953,0.0452590540678449,"778289/101248192/101248146/101262878/101256343/101265714/778290/101245499",8,"leaf_int_neg"
"Metabolism","Metabolism of cofactors and vitamins","sly00740","Riboflavin metabolism","3/398","20/11892",0.15,4.48190954773869,2.89991766818802,0.0277884528995932,0.0744967035180582,0.047921856064248,"101258773/101254050/101249252",3,"leaf_int_neg"
"Cellular Processes","Transport and catabolism","sly04136","Autophagy - other","4/398","35/11892",0.114285714285714,3.41478822684853,2.66220068744823,0.0285509351168606,0.074946204681759,0.0482110088596111,"100736468/100736470/101253062/101252803",4,"leaf_int_neg"
"Environmental Information Processing","Signal transduction","sly04075","Plant hormone signal transduction","9/32","437/11892",0.0205949656750572,7.65360411899313,7.36108721367928,1.48630795655087e-06,4.16166227834242e-05,2.97261591310173e-05,"101247461/543834/101268417/101248690/101256506/101265927/101263741/101246226/101256856",9,"root_light_up"
"Environmental Information Processing","Signal transduction","sly04016","MAPK signaling pathway - plant","6/32","193/11892",0.0310880829015544,11.5531088082902,7.67761860465942,1.07799708995151e-05,0.000150919592593212,0.000107799708995151,"101247461/543834/101268417/101248690/101263741/101256856",6,"root_light_up"
"Metabolism","Metabolism of terpenoids and polyketides","sly00904","Diterpenoid biosynthesis","3/32","30/11892",0.1,37.1625,10.3010607490414,6.83987244275346e-05,0.00063838809465699,0.000455991496183564,"100134890/100037505/100134889",3,"root_light_up"
"Metabolism","Biosynthesis of other secondary metabolites","sly00945","Stilbenoid, diarylheptanoid and gingerol biosynthesis","2/32","23/11892",0.0869565217391304,32.3152173913043,7.80825734189612,0.00171327811163797,0.0119929467814658,0.00856639055818986,"101262919/101265187",2,"root_light_up"
"Metabolism","Lipid metabolism","sly01040","Biosynthesis of unsaturated fatty acids","2/32","34/11892",0.0588235294117647,21.8602941176471,6.32697323321031,0.00372957148683911,0.020558646339051,0.0146847473850364,"112941338/101255474",2,"root_light_up"
"Metabolism","Biosynthesis of other secondary metabolites","sly00941","Flavonoid biosynthesis","2/32","37/11892",0.0540540540540541,20.0878378378378,6.04016293291811,0.00440542421551092,0.020558646339051,0.0146847473850364,"101262919/101265187",2,"root_light_up"
"Metabolism","Carbohydrate metabolism","sly00052","Galactose metabolism","2/32","66/11892",0.0303030303030303,11.2613636363636,4.34210121601461,0.0135174437124975,0.0540697748499899,0.0386212677499928,"101266532/543502",2,"root_light_up"
"Metabolism","Global and overview maps","sly01212","Fatty acid metabolism","2/32","88/11892",0.0227272727272727,8.44602272727273,3.64160576016352,0.0232560964433644,0.0813963375517756,0.0581402411084111,"112941338/101255474",2,"root_light_up"
"Metabolism","Amino acid metabolism","sly00330","Arginine and proline metabolism","5/52","64/11892",0.078125,17.8665865384615,8.96595465619104,8.23714118368545e-06,0.0004530427651027,0.000346826997207808,"101255673/101253022/778202/101260400/104645747",5,"root_light_down"
"Metabolism","Global and overview maps","sly01250","Biosynthesis of nucleotide sugars","5/52","106/11892",0.0471698113207547,10.7873730043541,6.70765727442895,9.53397578190868e-05,0.00262184334002489,0.0020071527961913,"101252064/101249663/101248179/101261402/101245851",5,"root_light_down"
"Metabolism","Glycan biosynthesis and metabolism","sly00541","Biosynthesis of various nucleotide sugars","3/52","26/11892",0.115384615384615,26.387573964497,8.58797385988125,0.000190979038144745,0.00350128236598699,0.0026804075529087,"101252064/101249663/101261402",3,"root_light_down"
"Metabolism","Metabolism of terpenoids and polyketides","sly00906","Carotenoid biosynthesis","3/52","39/11892",0.0769230769230769,17.5917159763314,6.87771976185306,0.000644918014496609,0.00886762269932837,0.00678861067891167,"544297/101266767/543964",3,"root_light_down"
"Metabolism","Lipid metabolism","sly00564","Glycerophospholipid metabolism","4/52","105/11892",0.0380952380952381,8.71208791208791,5.26017253681887,0.00112192988902472,0.0123412287792719,0.00944783064441871,"101256961/101261789/101262422/101248969",4,"root_light_down"
"Metabolism","Carbohydrate metabolism","sly00520","Amino sugar and nucleotide sugar metabolism","4/52","133/11892",0.0300751879699248,6.87796414112204,4.51754583686515,0.00267258335911326,0.0244986807918715,0.0187549709411457,"101250314/101248179/101261402/101245851",4,"root_light_down"
"Environmental Information Processing","Signal transduction","sly04070","Phosphatidylinositol signaling system","3/52","74/11892",0.0405405405405405,9.27130977130977,4.72991311612692,0.00410814269710142,0.032278264048654,0.0247106327645198,"101256961/101246905/101262422",3,"root_light_down"
"Metabolism","Lipid metabolism","sly00561","Glycerolipid metabolism","3/52","78/11892",0.0384615384615385,8.79585798816568,4.57770442485499,0.00476251768627301,0.032742309093127,0.0250658825593317,"101256961/101262422/104645747",3,"root_light_down"
"Genetic Information Processing","Folding, sorting and degradation","sly04141","Protein processing in endoplasmic reticulum","4/52","219/11892",0.0182648401826484,4.17702845100105,3.144755815236,0.0152007739931938,0.0928936188472957,0.071114732131901,"100736433/101256536/101250189/543846",4,"root_light_down"
"Metabolism","Carbohydrate metabolism","sly00040","Pentose and glucuronate interconversions","3/52","127/11892",0.0236220472440945,5.40218049666869,3.30528376372075,0.0179729224956244,0.098851073725934,0.075675463139471,"101261426/101261402/101256371",3,"root_light_down"
"Metabolism","Metabolism of cofactors and vitamins","sly00740","Riboflavin metabolism","1/2","20/11892",0.05,297.3,17.1995848914351,0.00336091852150788,0.0100827555645236,NA,"101249252",1,"root_int_pos"
"Metabolism","Biosynthesis of other secondary metabolites","sly00940","Phenylpropanoid biosynthesis","1/2","179/11892",0.00558659217877095,33.2178770949721,5.63277786085067,0.029878951773598,0.0326930545231982,NA,"101251503",1,"root_int_pos"
"Cellular Processes","Transport and catabolism","sly04142","Lysosome biogenesis","1/2","196/11892",0.00510204081632653,30.3367346938775,5.37099056270145,0.0326930545231982,0.0326930545231982,NA,"101249252",1,"root_int_pos"
"Metabolism","Metabolism of terpenoids and polyketides","sly00906","Carotenoid biosynthesis","1/2","39/11892",0.0256410256410256,152.461538461538,12.2872242701896,0.00654855095234774,0.0130971019046955,NA,"100316877",1,"root_int_neg"
"Metabolism","Biosynthesis of other secondary metabolites","sly00940","Phenylpropanoid biosynthesis","1/2","179/11892",0.00558659217877095,33.2178770949721,5.63277786085067,0.029878951773598,0.029878951773598,NA,"101260463",1,"root_int_neg"
"Metabolism","Global and overview maps","sly01240","Biosynthesis of cofactors","5/36","250/11892",0.02,6.60666666666667,4.93687678534385,0.000872920600721374,0.0146602356641254,0.0114841503366466,"100316902/101055572/543790/544179/101264098",5,"comb_light_up"
"Metabolism","Metabolism of cofactors and vitamins","sly00750","Vitamin B6 metabolism","2/36","15/11892",0.133333333333333,44.0444444444444,9.19180289284656,0.000912692949749181,0.0146602356641254,0.0114841503366466,"543790/544179",2,"comb_light_up"
"Metabolism","Carbohydrate metabolism","sly00053","Ascorbate and aldarate metabolism","3/36","66/11892",0.0454545454545455,15.0151515151515,6.29132574634665,0.00102280713935759,0.0146602356641254,0.0114841503366466,"100316902/101055572/101253411",3,"comb_light_up"
"Environmental Information Processing","Signal transduction","sly04075","Plant hormone signal transduction","6/36","437/11892",0.0137299771167048,4.53546910755149,4.14936427192048,0.00181533395651622,0.0195148400325493,0.0152870227917155,"101247461/101244285/100037508/101268443/101263741/101245906",6,"comb_light_up"
"Environmental Information Processing","Signal transduction","sly04016","MAPK signaling pathway - plant","4/36","193/11892",0.0207253886010363,6.84628670120898,4.51206905752398,0.00263905551354446,0.0226958774164823,0.0177789003017732,"101247461/100736474/101263741/101245906",4,"comb_light_up"
"Metabolism","Metabolism of terpenoids and polyketides","sly00906","Carotenoid biosynthesis","2/36","39/11892",0.0512820512820513,16.9401709401709,5.49417489774179,0.00615391016661187,0.0441030228607184,0.0345482676020316,"543988/544133",2,"comb_light_up"
"Organismal Systems","Environmental adaptation","sly04712","Circadian rhythm - plant","2/36","47/11892",0.0425531914893617,14.0567375886525,4.94205320845787,0.00884253896591286,0.0543184536477504,0.0425505634449942,"101261662/101256107",2,"comb_light_up"
"Metabolism","Energy metabolism","sly00196","Photosynthesis - antenna proteins","4/37","29/11892",0.137931034482759,44.331780055918,13.0517136292665,1.78156348489247e-06,7.30441028805914e-05,4.87585795865309e-05,"101253380/101267774/101256006/101268123",4,"comb_light_down"
"Organismal Systems","Environmental adaptation","sly04712","Circadian rhythm - plant","3/37","47/11892",0.0638297872340425,20.5152386428982,7.48883971338248,0.000409140913721914,0.00753989367321545,0.00503304840830813,"101255788/101258346/101262866",3,"comb_light_down"
"Metabolism","Metabolism of cofactors and vitamins","sly00860","Porphyrin metabolism","3/37","52/11892",0.0576923076923077,18.5426195426195,7.0823851030845,0.000551699537064545,0.00753989367321545,0.00503304840830813,"101248079/101258872/543647",3,"comb_light_down"
"Metabolism","Biosynthesis of other secondary metabolites","sly00940","Phenylpropanoid biosynthesis","4/37","179/11892",0.0223463687150838,7.18224369621018,4.65583774340054,0.00222446168026042,0.0156279385004437,0.0104320000259701,"101245610/101247849/101252173/101266098",4,"comb_light_down"
"Metabolism","Metabolism of cofactors and vitamins","sly00730","Thiamine metabolism","2/37","23/11892",0.0869565217391304,27.9482961222092,7.22682330647072,0.00228701539030883,0.0156279385004437,0.0104320000259701,"101264726/101257192",2,"comb_light_down"
"Metabolism","Biosynthesis of other secondary metabolites","sly00945","Stilbenoid, diarylheptanoid and gingerol biosynthesis","2/37","23/11892",0.0869565217391304,27.9482961222092,7.22682330647072,0.00228701539030883,0.0156279385004437,0.0104320000259701,"101247849/101252173",2,"comb_light_down"
"Metabolism","Biosynthesis of other secondary metabolites","sly00941","Flavonoid biosynthesis","2/37","37/11892",0.0540540540540541,17.3732651570489,5.57243036863,0.00585787427395301,0.0343104064617248,0.0229029670861321,"101247849/101252173",2,"comb_light_down"
"Metabolism","Nucleotide metabolism","sly00240","Pyrimidine metabolism","2/37","66/11892",0.0303030303030303,9.73955773955774,3.97742279902556,0.0178311569885452,0.0835678969827331,0.0557834485635702,"101268630/101261826",2,"comb_light_down"
"Metabolism","Amino acid metabolism","sly00260","Glycine, serine and threonine metabolism","2/37","67/11892",0.0298507462686567,9.5941912061315,3.94095168754765,0.0183441725084048,0.0835678969827331,0.0557834485635702,"101259725/543983",2,"comb_light_down"
"Metabolism","Carbohydrate metabolism","sly00630","Glyoxylate and dicarboxylate metabolism","2/37","81/11892",0.0246913580246914,7.93593593593594,3.49915773642742,0.0261620612501042,0.0956172777859988,0.0638266809354549,"101259725/544276",2,"comb_light_down"
"Metabolism","Glycan biosynthesis and metabolism","sly00603","Glycosphingolipid biosynthesis - globo and isoglobo series","1/37","9/11892",0.111111111111111,35.7117117117117,5.81960500642346,0.0276652329278987,0.0956172777859988,0.0638266809354549,"101249542",1,"comb_light_down"
"Metabolism","Global and overview maps","sly01232","Nucleotide metabolism","2/37","84/11892",0.0238095238095238,7.65250965250965,3.41819045089154,0.0279855447178533,0.0956172777859988,0.0638266809354549,"101268630/101261826",2,"comb_light_down"
"Metabolism","Biosynthesis of other secondary metabolites","sly00940","Phenylpropanoid biosynthesis","19/163","179/11892",0.106145251396648,7.744044966926,10.7173002986945,4.1188621839767e-12,4.24242804949601e-10,2.21117864613486e-10,"101244682/101243656/101245610/101266812/101265511/101249824/101251503/544293/101264425/101265690/101254287/101247849/101252173/101266098/101261260/101248236/101244220/101262063/101265187",19,"comb_int_pos"
"Metabolism","Amino acid metabolism","sly00360","Phenylalanine metabolism","10/163","60/11892",0.166666666666667,12.159509202454,10.2156060812733,7.42121451112216e-09,3.82192547322791e-07,1.99201021088016e-07,"101243656/101249824/778256/543808/101264847/101263745/778254/101249664/101244220/101265757",10,"comb_int_pos"
"Metabolism","Global and overview maps","sly01230","Biosynthesis of amino acids","17/163","226/11892",0.0752212389380531,5.48792008252348,8.02991312807223,1.24122276341515e-08,4.26153148772536e-07,2.22113547137449e-07,"101257271/101251907/101268602/101259725/101247331/101265030/101248455/101244415/101253940/543977/101252192/544153/101259361/101258500/544154/101247914/101256147",17,"comb_int_pos"
"Metabolism","Energy metabolism","sly00196","Photosynthesis - antenna proteins","7/163","29/11892",0.241379310344828,17.6103236725196,10.5572869912746,9.67585302045958e-08,2.49153215276834e-06,1.2986013264301e-06,"101253380/101243766/101267774/101256006/543976/101268123/101268669",7,"comb_int_pos"
"Metabolism","Amino acid metabolism","sly00400","Phenylalanine, tyrosine and tryptophan biosynthesis","8/163","49/11892",0.163265306122449,11.9113559534243,9.02232355786699,2.93453138796725e-07,6.04513465921253e-06,3.15076001655431e-06,"101257271/101247331/101265030/543977/544153/101259361/101258500/544154",8,"comb_int_pos"
"Metabolism","Amino acid metabolism","sly00280","Valine, leucine and isoleucine degradation","8/163","67/11892",0.119402985074627,8.71129017489241,7.46167572354447,3.44340459254922e-06,5.91117788387616e-05,3.08094095122825e-05,"101247011/101249394/101246429/101263879/543993/100134904/101263745/101262830",8,"comb_int_pos"
"Metabolism","Energy metabolism","sly00920","Sulfur metabolism","6/163","35/11892",0.171428571428571,12.5069237510955,8.03671090353812,7.06349973650264e-06,0.000103934353265682,5.4171200986712e-05,"101259979/100301939/101249583/101256557/101244415/101253940",6,"comb_int_pos"
"Metabolism","Biosynthesis of other secondary metabolites","sly00945","Stilbenoid, diarylheptanoid and gingerol biosynthesis","5/163","23/11892",0.217391304347826,15.8602293945052,8.40920355629752,1.2537899207463e-05,0.000161425452296086,8.41359025763964e-05,"101265690/101247849/101252173/101262063/101265187",5,"comb_int_pos"
"Metabolism","Carbohydrate metabolism","sly00650","Butanoate metabolism","5/163","29/11892",0.172413793103448,12.5788026232283,7.35932331715976,4.14032057704365e-05,0.000460100310912209,0.000239807009264411,"101249394/100134904/101263745/100147722/101262830",5,"comb_int_pos"
"Metabolism","Global and overview maps","sly01200","Carbon metabolism","14/163","290/11892",0.0482758620689655,3.52206473450391,5.12579574852141,4.47302246800726e-05,0.000460100310912209,0.000239807009264411,"101268602/101247011/101265950/101259725/543522/101248455/101246429/101244415/101263879/101253940/101263001/101262830/101256147/543990",14,"comb_int_pos"
"Metabolism","Metabolism of cofactors and vitamins","sly00760","Nicotinate and nicotinamide metabolism","5/163","30/11892",0.166666666666667,12.159509202454,7.21438409962303,4.91369264080999e-05,0.000460100310912209,0.000239807009264411,"101264576/101252316/101257500/101261826/101265590",5,"comb_int_pos"
NA,NA,"sly01320","Sulfur cycle","4/163","19/11892",0.210526315789474,15.359380045205,7.38422217505303,0.000112290533765319,0.000963827081485651,0.000502352387897478,"101259979/101256557/101244415/101253940",4,"comb_int_pos"
"Metabolism","Biosynthesis of other secondary metabolites","sly00941","Flavonoid biosynthesis","5/163","37/11892",0.135135135135135,9.85906151550323,6.3622436778896,0.000139105696119816,0.00110214513079547,0.000574444575069686,"101265690/101247849/101252173/101262063/101265187",5,"comb_int_pos"
"Metabolism","Global and overview maps","sly01240","Biosynthesis of cofactors","12/163","250/11892",0.048,3.50193865030675,4.71308597023113,0.000167721256762793,0.00123394924618341,0.000643141661270861,"101246176/101265950/101259725/101264576/101252316/101246429/101264726/101257192/101248982/101252440/101265590/101256030",12,"comb_int_pos"
"Metabolism","Metabolism of cofactors and vitamins","sly00670","One carbon pool by folate","5/163","40/11892",0.125,9.11963190184049,6.06377410560536,0.000203145046146582,0.0013949293168732,0.000727045428314085,"101265950/101259725/100301929/101246429/101253497",5,"comb_int_pos"
"Metabolism","Amino acid metabolism","sly00260","Glycine, serine and threonine metabolism","6/163","67/11892",0.0895522388059701,6.53346763116931,5.35434929228185,0.000302549005663442,0.00194765922395841,0.00101513153216023,"101247011/101259725/543808/100301929/101246429/101253497",6,"comb_int_pos"
"Metabolism","Carbohydrate metabolism","sly00520","Amino sugar and nucleotide sugar metabolism","8/163","133/11892",0.0601503759398496,4.38839429863001,4.63241080829185,0.000482077115163354,0.00292082016834268,0.00152234878472638,"544148/101267552/544022/100529104/101248982/544149/543515/101257783",8,"comb_int_pos"
"Metabolism","Carbohydrate metabolism","sly00630","Glyoxylate and dicarboxylate metabolism","6/163","81/11892",0.0740740740740741,5.40422631220177,4.6885796743705,0.000840610193138469,0.00481015832740346,0.00250708303216736,"101247011/101259725/101248455/101246429/101262830/543990",6,"comb_int_pos"
"Metabolism","Amino acid metabolism","sly00380","Tryptophan metabolism","5/163","57/11892",0.087719298245614,6.3997416855021,4.81724550015443,0.00107201574519873,0.00581145377660362,0.00302896415540914,"100736505/101246429/101263745/101262830/543990",5,"comb_int_pos"
"Metabolism","Carbohydrate metabolism","sly00020","Citrate cycle (TCA cycle)","5/163","59/11892",0.0847457627118644,6.18280128938338,4.70452337065463,0.00125393457238599,0.00644210189367894,0.00335766169215765,"101246135/101268602/101248455/101246429/101267503",5,"comb_int_pos"
"Metabolism","Metabolism of other amino acids","sly00410","beta-Alanine metabolism","5/163","60/11892",0.0833333333333333,6.07975460122699,4.65009446690174,0.0013529983009054,0.00644210189367894,0.00335766169215765,"543808/101261880/101263879/101263745/100147722",5,"comb_int_pos"
"Metabolism","Global and overview maps","sly01210","2-Oxocarboxylic acid metabolism","6/163","89/11892",0.0674157303370786,4.91845316054319,4.37407230842813,0.00137598292874696,0.00644210189367894,0.00335766169215765,"101251907/101268602/101247011/101248455/101246429/101247914",6,"comb_int_pos"
"Metabolism","Carbohydrate metabolism","sly00052","Galactose metabolism","5/163","66/11892",0.0757575757575758,5.52704963747909,4.34751196039755,0.0020730311139695,0.00928357411908079,0.0048386538586931,"101266532/101249542/543502/101249166/101254703",5,"comb_int_pos"
"Metabolism","Metabolism of other amino acids","sly00460","Cyanoamino acid metabolism","4/163","41/11892",0.0975609756097561,7.11776148436331,4.62572136310964,0.00232114647471461,0.00996158695398355,0.00519203816712479,"101259725/101253940/101263185/543698",4,"comb_int_pos"
"Metabolism","Metabolism of cofactors and vitamins","sly00730","Thiamine metabolism","3/163","23/11892",0.130434782608696,9.51613763670312,4.81916752422162,0.00366016755755795,0.0150798903371388,0.00785972822886129,"101246176/101264726/101257192",3,"comb_int_pos"
"Organismal Systems","Environmental adaptation","sly04712","Circadian rhythm - plant","4/163","47/11892",0.0851063829787234,6.20911108210416,4.21810623771435,0.00383662873085511,0.015198952279926,0.00792178401917452,"101255788/101258346/101250283/101262866",4,"comb_int_pos"
"Metabolism","Metabolism of other amino acids","sly00480","Glutathione metabolism","6/163","112/11892",0.0535714285714286,3.90841367221735,3.64556664715074,0.00438075422277564,0.0167117661091071,0.00871027155405682,"101268602/101253468/101268630/101260846/101263001/101263185",6,"comb_int_pos"
"Environmental Information Processing","Signal transduction","sly04016","MAPK signaling pathway - plant","8/163","193/11892",0.0414507772020725,3.02412664102483,3.34206170144575,0.00509281005907953,0.0183989293646016,0.00958963104337948,"544148/543880/101258272/101251639/100736531/544149/101268787/543990",8,"comb_int_pos"
"Metabolism","Carbohydrate metabolism","sly00500","Starch and sucrose metabolism","7/163","154/11892",0.0454545454545455,3.31622978248745,3.41049524209006,0.00527758975551114,0.0183989293646016,0.00958963104337948,"100135703/101262611/544022/543996/543502/101254703/543698",7,"comb_int_pos"
"Organismal Systems","Environmental adaptation","sly04626","Plant-pathogen interaction","9/163","237/11892",0.0379746835443038,2.77052108410344,3.24557489649016,0.00535891146541794,0.0183989293646016,0.00958963104337948,"101246151/543880/101258272/101251639/101245711/100736531/101252097/101268787/544144",9,"comb_int_pos"
"Cellular Processes","Transport and catabolism","sly04142","Lysosome biogenesis","8/163","196/11892",0.0408163265306122,2.97783898835608,3.29134030591533,0.0055801373207693,0.0185404562593303,0.00966339569980423,"101252505/778274/100529104/101251744/101262324/543861/544144/101257955",8,"comb_int_pos"
"Metabolism","Glycan biosynthesis and metabolism","sly00603","Glycosphingolipid biosynthesis - globo and isoglobo series","2/163","9/11892",0.222222222222222,16.2126789366053,5.38190967086456,0.00631035382053203,0.0203114513598375,0.0105864488436557,"101249542/100529104",2,"comb_int_pos"
"Metabolism","Biosynthesis of other secondary metabolites","sly00261","Monobactam biosynthesis","2/163","10/11892",0.2,14.5914110429448,5.06864962856761,0.00781727611252725,0.0237015677224551,0.0123533975865632,"101259979/101256557",2,"comb_int_pos"
"Metabolism","Biosynthesis of other secondary metabolites","sly00950","Isoquinoline alkaloid biosynthesis","3/163","30/11892",0.1,7.29570552147239,4.07003901211279,0.00782381847149003,0.0237015677224551,0.0123533975865632,"543808/101263372/606710",3,"comb_int_pos"
"Metabolism","Amino acid metabolism","sly00310","Lysine degradation","3/163","34/11892",0.0882352941176471,6.43738722482858,3.74279892976345,0.0110810970727353,0.0313486472251585,0.0163391007509768,"101246429/101263745/101262830",3,"comb_int_pos"
"Metabolism","Metabolism of other amino acids","sly00430","Taurine and hypotaurine metabolism","2/163","12/11892",0.166666666666667,12.159509202454,4.55931917434869,0.0112611645371928,0.0313486472251585,0.0163391007509768,"100147722/101263185",2,"comb_int_pos"
"Metabolism","Lipid metabolism","sly00590","Arachidonic acid metabolism","2/163","12/11892",0.166666666666667,12.159509202454,4.55931917434869,0.0112611645371928,0.0313486472251585,0.0163391007509768,"101252788/101263185",2,"comb_int_pos"
"Metabolism","Nucleotide metabolism","sly00240","Pyrimidine metabolism","4/163","66/11892",0.0606060606060606,4.42163970998327,3.28594134249587,0.0126926909906318,0.0344038729482915,0.0179315025075408,"101268630/101261880/101257500/101261826",4,"comb_int_pos"
"Metabolism","Glycan biosynthesis and metabolism","sly00511","Other glycan degradation","2/163","14/11892",0.142857142857143,10.4224364592463,4.15841734305591,0.0152508676212543,0.0398746127825949,0.0207828845366616,"100500729/100529104",2,"comb_int_pos"
"Metabolism","Carbohydrate metabolism","sly00051","Fructose and mannose metabolism","4/163","70/11892",0.0571428571428571,4.16897458369851,3.13469143398548,0.0154852865175126,0.0398746127825949,0.0207828845366616,"778312/544022/101248982/101266649",4,"comb_int_pos"
"Metabolism","Carbohydrate metabolism","sly00620","Pyruvate metabolism","5/163","109/11892",0.0458715596330275,3.34665390893229,2.90139495867444,0.016976130046091,0.0426473510913992,0.0222280521784503,"101251907/543522/101246429/101262830/101256147",5,"comb_int_pos"
"Metabolism","Metabolism of other amino acids","sly00450","Selenocompound metabolism","2/163","16/11892",0.125,9.11963190184049,3.83119040804198,0.0197544812245099,0.0484455134791553,0.0252500887832082,"101259979/101256557",2,"comb_int_pos"
"Environmental Information Processing","Membrane transport","sly02010","ABC transporters","4/163","77/11892",0.051948051948052,3.78997689427137,2.89535356370329,0.0212442508796879,0.0508873916420432,0.0265228101557915,"100301924/101248317/101260345/101247843",4,"comb_int_pos"
"Metabolism","Lipid metabolism","sly00591","Linoleic acid metabolism","2/163","18/11892",0.111111111111111,8.10633946830266,3.55677324652829,0.024741415567325,0.0579174046235107,0.0301868945917123,"101263535/101252788",2,"comb_int_pos"
"Metabolism","Global and overview maps","sly01212","Fatty acid metabolism","4/163","88/11892",0.0454545454545455,3.31622978248745,2.5708744953559,0.0326512354347656,0.0747350499951303,0.0389523510449836,"101263911/112941338/101263745/101262830",4,"comb_int_pos"
"Metabolism","Carbohydrate metabolism","sly00640","Propanoate metabolism","3/163","52/11892",0.0576923076923077,4.20906087777253,2.73386002832573,0.034254462757041,0.0767002100864179,0.0399766041329312,"101246429/101263879/101263745",3,"comb_int_pos"
"Metabolism","Amino acid metabolism","sly00350","Tyrosine metabolism","3/163","53/11892",0.0566037735849057,4.12964463479569,2.6918319909184,0.0359550061077936,0.0787950133851646,0.0410684280290587,"543808/101263372/606710",3,"comb_int_pos"
"Cellular Processes","Transport and catabolism","sly04146","Peroxisome","4/163","94/11892",0.0425531914893617,3.10455554105208,2.41486368810299,0.040127942851424,0.0852638196224438,0.0444400081833892,"101268602/543981/101252154/543990",4,"comb_int_pos"
NA,NA,"sly01310","Nitrogen cycle","1/163","3/11892",0.333333333333333,24.319018404908,4.76179536165679,0.0405623996262111,0.0852638196224438,0.0444400081833892,"778326",1,"comb_int_pos"
"Metabolism","Nucleotide metabolism","sly00230","Purine metabolism","4/163","96/11892",0.0416666666666667,3.0398773006135,2.36561888433081,0.0428193298544536,0.0872125523085638,0.0454556992103909,"101259979/101268630/101256557/101261826",4,"comb_int_pos"
"Metabolism","Metabolism of terpenoids and polyketides","sly00900","Terpenoid backbone biosynthesis","3/163","57/11892",0.0526315789473684,3.83984501130126,2.53349722979478,0.0431829142498714,0.0872125523085638,0.0454556992103909,"101249394/100134904/101262830",3,"comb_int_pos"
"Metabolism","Amino acid metabolism","sly00290","Valine, leucine and isoleucine biosynthesis","2/163","26/11892",0.0769230769230769,5.61208117036338,2.77526170270659,0.0489539671412752,0.0969665118375258,0.0505395207328954,"101251907/101247914",2,"comb_int_pos"
"Genetic Information Processing","Folding, sorting and degradation","sly04141","Protein processing in endoplasmic reticulum","14/169","219/11892",0.0639269406392694,4.49833833184729,6.27372940124241,2.80822718530744e-06,0.000170590570175895,0.000119040137674486,"101247772/101260872/101255164/100736433/100134914/101256536/101265499/101257809/101262499/101250189/101259708/543846/101258610/101055596",14,"comb_int_neg"
"Environmental Information Processing","Signal transduction","sly04075","Plant hormone signal transduction","20/169","437/11892",0.045766590389016,3.22045143731467,5.67829054246425,3.83349595900889e-06,0.000170590570175895,0.000119040137674486,"101260391/543940/101250433/101268620/101245105/101250851/544131/101258010/100037508/101247397/101245998/101268443/101263193/100736493/100301927/101247936/101268544/101245906/101266334/101055552",20,"comb_int_neg"
"Environmental Information Processing","Signal transduction","sly04070","Phosphatidylinositol signaling system","8/169","74/11892",0.108108108108108,7.60722853030545,6.84536097800047,9.56927907355413e-06,0.000283888612515439,0.000198100865031472,"101262540/101256961/544280/100301920/544131/101246905/101262422/544013",8,"comb_int_neg"
"Metabolism","Carbohydrate metabolism","sly00562","Inositol phosphate metabolism","8/169","77/11892",0.103896103896104,7.3108430031507,6.67035634043862,1.28861008946613e-05,0.000286715744906214,0.00020007367178553,"101262540/543809/544280/100301920/101246905/544226/544013/101257984",8,"comb_int_neg"
"Metabolism","Carbohydrate metabolism","sly00053","Ascorbate and aldarate metabolism","7/169","66/11892",0.106060606060606,7.463152232383,6.32165186098419,3.97765679428064e-05,0.000708022909381955,0.000494066843921175,"101256514/100316902/544280/101055572/101253411/544013/101261402",7,"comb_int_neg"
"Metabolism","Global and overview maps","sly01240","Biosynthesis of cofactors","13/169","250/11892",0.052,3.65907692307692,5.10176285234852,5.73996705225577e-05,0.000851428446084606,0.00059413694049665,"101256514/100316902/544280/101055572/101258773/101259471/543790/101251664/101248935/544013/101261402/101247506/101264098",13,"comb_int_neg"
"Environmental Information Processing","Signal transduction","sly04016","MAPK signaling pathway - plant","10/169","193/11892",0.0518134715025907,3.64595149768526,4.44958310343873,0.000430231954842602,0.00547009199728451,0.00381709553920504,"101250433/101268620/101245105/544131/101256105/100736474/543948/101245998/101265257/101245906",10,"comb_int_neg"
"Metabolism","Lipid metabolism","sly00564","Glycerophospholipid metabolism","7/169","105/11892",0.0666666666666667,4.69112426035503,4.56126004658382,0.000731717907593426,0.00814036172197687,0.00568044165105423,"101256961/101261789/101264846/101264154/101262422/101266950/101248969",7,"comb_int_neg"
"Metabolism","Amino acid metabolism","sly00330","Arginine and proline metabolism","5/169","64/11892",0.078125,5.49741124260355,4.33141792668458,0.00211789877884933,0.0195535046013912,0.0136446690890844,"101253022/778202/543894/101260400/543944",5,"comb_int_neg"
"Metabolism","Metabolism of terpenoids and polyketides","sly00906","Carotenoid biosynthesis","4/169","39/11892",0.102564102564103,7.21711424670004,4.66917518556236,0.00219702298892036,0.0195535046013912,0.0136446690890844,"544297/543988/100316877/543964",4,"comb_int_neg"
"Cellular Processes","Transport and catabolism","sly04144","Endocytosis","8/169","167/11892",0.0479041916167665,3.37086773199164,3.70460829745498,0.00263722712901279,0.0213375649529216,0.0148896077140435,"101247772/101255164/100736433/101261084/100134914/101263553/101055596/101248969",8,"comb_int_neg"
"Organismal Systems","Environmental adaptation","sly04712","Circadian rhythm - plant","4/169","47/11892",0.0851063829787234,5.98866926853834,4.11433138378067,0.00436358965774809,0.0323632899616316,0.0225834903339594,"101246833/101261662/778253/101256107",4,"comb_int_neg"
"Metabolism","Lipid metabolism","sly00561","Glycerolipid metabolism","5/169","78/11892",0.0641025641025641,4.51069640418753,3.73486795335228,0.00500311046507517,0.0342520639532069,0.0239014993878085,"101256514/101256961/101258305/101252422/101262422",5,"comb_int_neg"
"Metabolism","Glycan biosynthesis and metabolism","sly00541","Biosynthesis of various nucleotide sugars","3/169","26/11892",0.115384615384615,8.11925352753755,4.36316985879695,0.00576548350380464,0.0357913942086346,0.0249756624282607,"101249663/101248935/101261402",3,"comb_int_neg"
"Metabolism","Amino acid metabolism","sly00270","Cysteine and methionine metabolism","6/169","118/11892",0.0508474576271186,3.57797613077926,3.379022154526,0.00670648408247516,0.0357913942086346,0.0249756624282607,"101245503/543894/101260400/543506/101247506/101248619",6,"comb_int_neg"
"Organismal Systems","Environmental adaptation","sly04626","Plant-pathogen interaction","9/169","237/11892",0.0379746835443038,2.67215938880983,3.12197100374298,0.0067542728963396,0.0357913942086346,0.0249756624282607,"101260391/101266086/544131/100736474/101252553/112940015/101266882/101244910/101266887",9,"comb_int_neg"
"Metabolism","Global and overview maps","sly01232","Nucleotide metabolism","5/169","84/11892",0.0595238095238095,4.18850380388842,3.52104495200661,0.00683655844434593,0.0357913942086346,0.0249756624282607,"101261528/101261672/101259471/101266563/101246321",5,"comb_int_neg"
"Genetic Information Processing","Chromosome","sly03083","Polycomb repressive complex","4/169","61/11892",0.0655737704918033,4.61422058395577,3.39783280253639,0.0109559057183301,0.0541708671628545,0.0378010782094431,"101260872/101251160/101246833/101265499",4,"comb_int_neg"
"Genetic Information Processing","Information processing in viruses","sly03250","Viral life cycle - HIV-1","3/169","38/11892",0.0789473684210526,5.5552787293678,3.37681642866206,0.0165265261210144,0.0774137276194885,0.0540202238858643,"778289/778290/101249513",3,"comb_int_neg"
"Metabolism","Global and overview maps","sly01250","Biosynthesis of nucleotide sugars","5/169","106/11892",0.0471698113207547,3.31919169364743,2.87964877204847,0.0175218231515443,0.0779721130243721,0.0544098718916375,"100316902/101249663/101248935/101261402/101245851",5,"comb_int_neg"
"Metabolism","Metabolism of cofactors and vitamins","sly00750","Vitamin B6 metabolism","2/169","15/11892",0.133333333333333,9.38224852071006,3.90019160807678,0.0186706215785847,0.0791278724044781,0.0552163745933082,"543790/101251664",2,"comb_int_neg"
NA,NA,"sly04981","Folate transport and metabolism","3/169","42/11892",0.0714285714285714,5.0262045646661,3.13830006838746,0.0215849158049003,0.0873207957561877,0.0609334943774698,"101267994/101254989/101246670",3,"comb_int_neg"
"Environmental Information Processing","Membrane transport","sly02010","ABC transporters","4/169","77/11892",0.051948051948052,3.65542150157535,2.80669438943848,0.0238842937308472,0.0924218322628434,0.0644930585867269,"101267994/101254989/101263659/101246670",4,"comb_int_neg"
